Event Index,UTC Timestamp,UTC Date,Local Timestamp,Local Timezone,Local Date,Experiment ID,Experiment Version,Tree Node Key,Repeat Key,Schedule ID,Participant Public ID,Participant Private ID,Participant Starting Group,Participant Status,Participant Completion Code,Participant External Session ID,Participant Device Type,Participant Device,Participant OS,Participant Browser,Participant Monitor Size,Participant Viewport Size,Checkpoint,Task Name,Task Version,branch-9edj,branch-ee59,checkpoint-7g4v,branch-52fz,checkpoint-irp3,randomiser-czzd,randomiser-z5db,randomiser-bvds,Randomise questionnaire elements?,Question Key,Response
1,1601098823428,26/09/2020 05:40:23,1601098823275,-4,26/09/2020 01:40:23,24435,9,questionnaire-t1fh,,6970182,121996,2009989,,complete,,,computer,Desktop or Laptop,Mac OS 10.15.4,Safari 13.1,1440x900,1438x733,Pass,Information-Sheet,2,Yes,Fail,Pass,Pass,,Two Talker,,D,No,BEGIN QUESTIONNAIRE,
2,1601098849866,26/09/2020 05:40:49,1601098849781,-4,26/09/2020 01:40:49,24435,9,questionnaire-t1fh,,6970182,121996,2009989,,complete,,,computer,Desktop or Laptop,Mac OS 10.15.4,Safari 13.1,1440x900,1438x733,Pass,Information-Sheet,2,Yes,Fail,Pass,Pass,,Two Talker,,D,No,consent,Yes
3,1601098850006,26/09/2020 05:40:50,1601098849783,-4,26/09/2020 01:40:49,24435,9,questionnaire-t1fh,,6970182,121996,2009989,,complete,,,computer,Desktop or Laptop,Mac OS 10.15.4,Safari 13.1,1440x900,1438x733,Pass,Information-Sheet,2,Yes,Fail,Pass,Pass,,Two Talker,,D,No,consent-quantised,1
4,1601098850006,26/09/2020 05:40:50,1601098849783,-4,26/09/2020 01:40:49,24435,9,questionnaire-t1fh,,6970182,121996,2009989,,complete,,,computer,Desktop or Laptop,Mac OS 10.15.4,Safari 13.1,1440x900,1438x733,Pass,Information-Sheet,2,Yes,Fail,Pass,Pass,,Two Talker,,D,No,END QUESTIONNAIRE,26508
1,1601154150617,26/09/2020 21:02:30,1601154150482,-4,26/09/2020 17:02:30,24435,9,questionnaire-t1fh,,6975301,120838,2011201,,complete,,,computer,Desktop or Laptop,Mac OS 10.15.4,WebKit 605.1.15,810x1080,810x950,Pass,Information-Sheet,2,Yes,Pass,Pass,,,One Talker,D,,No,BEGIN QUESTIONNAIRE,
2,1601154255924,26/09/2020 21:04:15,1601154255846,-4,26/09/2020 17:04:15,24435,9,questionnaire-t1fh,,6975301,120838,2011201,,complete,,,computer,Desktop or Laptop,Mac OS 10.15.4,WebKit 605.1.15,810x1080,810x950,Pass,Information-Sheet,2,Yes,Pass,Pass,,,One Talker,D,,No,consent,Yes
3,1601154256078,26/09/2020 21:04:16,1601154255848,-4,26/09/2020 17:04:15,24435,9,questionnaire-t1fh,,6975301,120838,2011201,,complete,,,computer,Desktop or Laptop,Mac OS 10.15.4,WebKit 605.1.15,810x1080,810x950,Pass,Information-Sheet,2,Yes,Pass,Pass,,,One Talker,D,,No,consent-quantised,1
4,1601154256078,26/09/2020 21:04:16,1601154255848,-4,26/09/2020 17:04:15,24435,9,questionnaire-t1fh,,6975301,120838,2011201,,complete,,,computer,Desktop or Laptop,Mac OS 10.15.4,WebKit 605.1.15,810x1080,810x950,Pass,Information-Sheet,2,Yes,Pass,Pass,,,One Talker,D,,No,END QUESTIONNAIRE,105366
1,1601162000324,26/09/2020 23:13:20,1601162000184,-4,26/09/2020 19:13:20,24435,9,questionnaire-t1fh,,6975945,113485,2011323,,complete,,,computer,Desktop or Laptop,Mac OS 10.15.7,Chrome 85.0.4183.121,1440x900,1440x788,Pass,Information-Sheet,2,Yes,Fail,Pass,Pass,,One Talker,A,,No,BEGIN QUESTIONNAIRE,
2,1601162009884,26/09/2020 23:13:29,1601162009778,-4,26/09/2020 19:13:29,24435,9,questionnaire-t1fh,,6975945,113485,2011323,,complete,,,computer,Desktop or Laptop,Mac OS 10.15.7,Chrome 85.0.4183.121,1440x900,1440x788,Pass,Information-Sheet,2,Yes,Fail,Pass,Pass,,One Talker,A,,No,consent,Yes
3,1601162010009,26/09/2020 23:13:30,1601162009780,-4,26/09/2020 19:13:29,24435,9,questionnaire-t1fh,,6975945,113485,2011323,,complete,,,computer,Desktop or Laptop,Mac OS 10.15.7,Chrome 85.0.4183.121,1440x900,1440x788,Pass,Information-Sheet,2,Yes,Fail,Pass,Pass,,One Talker,A,,No,consent-quantised,1
4,1601162010009,26/09/2020 23:13:30,1601162009780,-4,26/09/2020 19:13:29,24435,9,questionnaire-t1fh,,6975945,113485,2011323,,complete,,,computer,Desktop or Laptop,Mac OS 10.15.7,Chrome 85.0.4183.121,1440x900,1440x788,Pass,Information-Sheet,2,Yes,Fail,Pass,Pass,,One Talker,A,,No,END QUESTIONNAIRE,9596
1,1601171611730,27/09/2020 01:53:31,1601171611440,-4,26/09/2020 21:53:31,24435,9,questionnaire-t1fh,,6976156,115516,2011420,,complete,,,computer,Desktop or Laptop,Windows 10,Firefox 81.0,1366x768,1366x654,Pass,Information-Sheet,2,Yes,Fail,Pass,Pass,,One Talker,B,,No,BEGIN QUESTIONNAIRE,
2,1601171621402,27/09/2020 01:53:41,1601171621167,-4,26/09/2020 21:53:41,24435,9,questionnaire-t1fh,,6976156,115516,2011420,,complete,,,computer,Desktop or Laptop,Windows 10,Firefox 81.0,1366x768,1349x654,Pass,Information-Sheet,2,Yes,Fail,Pass,Pass,,One Talker,B,,No,consent,Yes
3,1601171621542,27/09/2020 01:53:41,1601171621170,-4,26/09/2020 21:53:41,24435,9,questionnaire-t1fh,,6976156,115516,2011420,,complete,,,computer,Desktop or Laptop,Windows 10,Firefox 81.0,1366x768,1349x654,Pass,Information-Sheet,2,Yes,Fail,Pass,Pass,,One Talker,B,,No,consent-quantised,1
4,1601171621542,27/09/2020 01:53:41,1601171621170,-4,26/09/2020 21:53:41,24435,9,questionnaire-t1fh,,6976156,115516,2011420,,complete,,,computer,Desktop or Laptop,Windows 10,Firefox 81.0,1366x768,1349x654,Pass,Information-Sheet,2,Yes,Fail,Pass,Pass,,One Talker,B,,No,END QUESTIONNAIRE,9730
1,1601228133559,27/09/2020 17:35:33,1601228129199,-4,27/09/2020 13:35:29,24435,9,questionnaire-t1fh,,6979935,115861,2012395,,complete,,,computer,Desktop or Laptop,Windows 10,Chrome 85.0.4183.121,1920x1080,1920x937,Fail,Information-Sheet,2,Yes,Fail,,Fail,Fail,One Talker,C,,No,BEGIN QUESTIONNAIRE,
2,1601228156016,27/09/2020 17:35:56,1601228151701,-4,27/09/2020 13:35:51,24435,9,questionnaire-t1fh,,6979935,115861,2012395,,complete,,,computer,Desktop or Laptop,Windows 10,Chrome 85.0.4183.121,1920x1080,1903x937,Fail,Information-Sheet,2,Yes,Fail,,Fail,Fail,One Talker,C,,No,consent,Yes
3,1601228156124,27/09/2020 17:35:56,1601228151701,-4,27/09/2020 13:35:51,24435,9,questionnaire-t1fh,,6979935,115861,2012395,,complete,,,computer,Desktop or Laptop,Windows 10,Chrome 85.0.4183.121,1920x1080,1903x937,Fail,Information-Sheet,2,Yes,Fail,,Fail,Fail,One Talker,C,,No,consent-quantised,1
4,1601228156124,27/09/2020 17:35:56,1601228151701,-4,27/09/2020 13:35:51,24435,9,questionnaire-t1fh,,6979935,115861,2012395,,complete,,,computer,Desktop or Laptop,Windows 10,Chrome 85.0.4183.121,1920x1080,1903x937,Fail,Information-Sheet,2,Yes,Fail,,Fail,Fail,One Talker,C,,No,END QUESTIONNAIRE,22503
1,1601343572874,29/09/2020 01:39:32,1601343572729,-4,28/09/2020 21:39:32,24435,9,questionnaire-t1fh,,6994972,122293,2019158,,complete,,,computer,Desktop or Laptop,Mac OS 10.14.1,Chrome 85.0.4183.121,1440x900,1227x724,Pass,Information-Sheet,2,Yes,Fail,Pass,Pass,,One Talker,B,,No,BEGIN QUESTIONNAIRE,
2,1601343616006,29/09/2020 01:40:16,1601343615909,-4,28/09/2020 21:40:15,24435,9,questionnaire-t1fh,,6994972,122293,2019158,,complete,,,computer,Desktop or Laptop,Mac OS 10.14.1,Chrome 85.0.4183.121,1440x900,1227x724,Pass,Information-Sheet,2,Yes,Fail,Pass,Pass,,One Talker,B,,No,consent,Yes
3,1601343616131,29/09/2020 01:40:16,1601343615911,-4,28/09/2020 21:40:15,24435,9,questionnaire-t1fh,,6994972,122293,2019158,,complete,,,computer,Desktop or Laptop,Mac OS 10.14.1,Chrome 85.0.4183.121,1440x900,1227x724,Pass,Information-Sheet,2,Yes,Fail,Pass,Pass,,One Talker,B,,No,consent-quantised,1
4,1601343616131,29/09/2020 01:40:16,1601343615911,-4,28/09/2020 21:40:15,24435,9,questionnaire-t1fh,,6994972,122293,2019158,,complete,,,computer,Desktop or Laptop,Mac OS 10.14.1,Chrome 85.0.4183.121,1440x900,1227x724,Pass,Information-Sheet,2,Yes,Fail,Pass,Pass,,One Talker,B,,No,END QUESTIONNAIRE,43182
1,1601353006429,29/09/2020 04:16:46,1601353006291,-4,29/09/2020 00:16:46,24435,9,questionnaire-t1fh,,6995328,121252,2019487,,complete,,,computer,Desktop or Laptop,Mac OS 10.14.6,Safari 12.1.2,1440x900,1440x837,Pass,Information-Sheet,2,Yes,Fail,Pass,Pass,,Two Talker,,C,No,BEGIN QUESTIONNAIRE,
2,1601353048878,29/09/2020 04:17:28,1601353019060,-4,29/09/2020 00:16:59,24435,9,questionnaire-t1fh,,6995328,121252,2019487,,complete,,,computer,Desktop or Laptop,Mac OS 10.14.6,Safari 12.1.2,1440x900,1440x837,Pass,Information-Sheet,2,Yes,Fail,Pass,Pass,,Two Talker,,C,No,consent,Yes
3,1601353049113,29/09/2020 04:17:29,1601353019061,-4,29/09/2020 00:16:59,24435,9,questionnaire-t1fh,,6995328,121252,2019487,,complete,,,computer,Desktop or Laptop,Mac OS 10.14.6,Safari 12.1.2,1440x900,1440x837,Pass,Information-Sheet,2,Yes,Fail,Pass,Pass,,Two Talker,,C,No,consent-quantised,1
4,1601353049113,29/09/2020 04:17:29,1601353019062,-4,29/09/2020 00:16:59,24435,9,questionnaire-t1fh,,6995328,121252,2019487,,complete,,,computer,Desktop or Laptop,Mac OS 10.14.6,Safari 12.1.2,1440x900,1440x837,Pass,Information-Sheet,2,Yes,Fail,Pass,Pass,,Two Talker,,C,No,END QUESTIONNAIRE,12771
1,1601407116468,29/09/2020 19:18:36,1601407117161,-4,29/09/2020 15:18:37,24435,9,questionnaire-t1fh,,7006162,122314,2024470,,complete,,,computer,Desktop or Laptop,Windows 10,Chrome 85.0.4183.121,1564x1043,1564x933,Fail,Information-Sheet,2,Yes,Fail,,Fail,Fail,Two Talker,,B,No,BEGIN QUESTIONNAIRE,
2,1601407121749,29/09/2020 19:18:41,1601407122450,-4,29/09/2020 15:18:42,24435,9,questionnaire-t1fh,,7006162,122314,2024470,,complete,,,computer,Desktop or Laptop,Windows 10,Chrome 85.0.4183.121,1564x1043,1547x933,Fail,Information-Sheet,2,Yes,Fail,,Fail,Fail,Two Talker,,B,No,consent,Yes
3,1601407121889,29/09/2020 19:18:41,1601407122451,-4,29/09/2020 15:18:42,24435,9,questionnaire-t1fh,,7006162,122314,2024470,,complete,,,computer,Desktop or Laptop,Windows 10,Chrome 85.0.4183.121,1564x1043,1547x933,Fail,Information-Sheet,2,Yes,Fail,,Fail,Fail,Two Talker,,B,No,consent-quantised,1
4,1601407121889,29/09/2020 19:18:41,1601407122452,-4,29/09/2020 15:18:42,24435,9,questionnaire-t1fh,,7006162,122314,2024470,,complete,,,computer,Desktop or Laptop,Windows 10,Chrome 85.0.4183.121,1564x1043,1547x933,Fail,Information-Sheet,2,Yes,Fail,,Fail,Fail,Two Talker,,B,No,END QUESTIONNAIRE,5291
1,1601482671955,30/09/2020 16:17:51,1601482671834,-4,30/09/2020 12:17:51,24435,9,questionnaire-t1fh,,7021185,114367,2030585,,complete,,,computer,Desktop or Laptop,Windows 10,Chrome 85.0.4183.121,1536x864,1536x754,Fail,Information-Sheet,2,Yes,Fail,,Fail,Fail,Two Talker,,A,No,BEGIN QUESTIONNAIRE,
2,1601482680168,30/09/2020 16:18:00,1601482680083,-4,30/09/2020 12:18:00,24435,9,questionnaire-t1fh,,7021185,114367,2030585,,complete,,,computer,Desktop or Laptop,Windows 10,Chrome 85.0.4183.121,1536x864,1519x754,Fail,Information-Sheet,2,Yes,Fail,,Fail,Fail,Two Talker,,A,No,consent,Yes
3,1601482680339,30/09/2020 16:18:00,1601482680087,-4,30/09/2020 12:18:00,24435,9,questionnaire-t1fh,,7021185,114367,2030585,,complete,,,computer,Desktop or Laptop,Windows 10,Chrome 85.0.4183.121,1536x864,1519x754,Fail,Information-Sheet,2,Yes,Fail,,Fail,Fail,Two Talker,,A,No,consent-quantised,1
4,1601482680339,30/09/2020 16:18:00,1601482680088,-4,30/09/2020 12:18:00,24435,9,questionnaire-t1fh,,7021185,114367,2030585,,complete,,,computer,Desktop or Laptop,Windows 10,Chrome 85.0.4183.121,1536x864,1519x754,Fail,Information-Sheet,2,Yes,Fail,,Fail,Fail,Two Talker,,A,No,END QUESTIONNAIRE,8254
1,1601771050005,04/10/2020 00:24:10,1601771049853,-4,03/10/2020 20:24:09,24435,9,questionnaire-t1fh,,7064243,117250,2044889,,complete,,,computer,Desktop or Laptop,Mac OS 10.15.5,Chrome 83.0.4103.116,1440x900,1431x712,Pass,Information-Sheet,2,Yes,Fail,Pass,Pass,,Two Talker,,D,No,BEGIN QUESTIONNAIRE,
2,1601771060203,04/10/2020 00:24:20,1601771060114,-4,03/10/2020 20:24:20,24435,9,questionnaire-t1fh,,7064243,117250,2044889,,complete,,,computer,Desktop or Laptop,Mac OS 10.15.5,Chrome 83.0.4103.116,1440x900,1431x712,Pass,Information-Sheet,2,Yes,Fail,Pass,Pass,,Two Talker,,D,No,consent,Yes
3,1601771060330,04/10/2020 00:24:20,1601771060116,-4,03/10/2020 20:24:20,24435,9,questionnaire-t1fh,,7064243,117250,2044889,,complete,,,computer,Desktop or Laptop,Mac OS 10.15.5,Chrome 83.0.4103.116,1440x900,1431x712,Pass,Information-Sheet,2,Yes,Fail,Pass,Pass,,Two Talker,,D,No,consent-quantised,1
4,1601771060330,04/10/2020 00:24:20,1601771060116,-4,03/10/2020 20:24:20,24435,9,questionnaire-t1fh,,7064243,117250,2044889,,complete,,,computer,Desktop or Laptop,Mac OS 10.15.5,Chrome 83.0.4103.116,1440x900,1431x712,Pass,Information-Sheet,2,Yes,Fail,Pass,Pass,,Two Talker,,D,No,END QUESTIONNAIRE,10263
1,1601913664068,05/10/2020 16:01:04,1601913663449,-4,05/10/2020 12:01:03,24435,9,questionnaire-t1fh,,7080918,115423,2051924,,complete,,,computer,Desktop or Laptop,Windows 10,Chrome 85.0.4183.102,1500x1000,1500x890,Pass,Information-Sheet,2,Yes,Fail,Pass,Pass,,One Talker,C,,No,BEGIN QUESTIONNAIRE,
2,1601913677832,05/10/2020 16:01:17,1601913677268,-4,05/10/2020 12:01:17,24435,9,questionnaire-t1fh,,7080918,115423,2051924,,complete,,,computer,Desktop or Laptop,Windows 10,Chrome 85.0.4183.102,1500x1000,1483x890,Pass,Information-Sheet,2,Yes,Fail,Pass,Pass,,One Talker,C,,No,consent,Yes
3,1601913677954,05/10/2020 16:01:17,1601913677271,-4,05/10/2020 12:01:17,24435,9,questionnaire-t1fh,,7080918,115423,2051924,,complete,,,computer,Desktop or Laptop,Windows 10,Chrome 85.0.4183.102,1500x1000,1483x890,Pass,Information-Sheet,2,Yes,Fail,Pass,Pass,,One Talker,C,,No,consent-quantised,1
4,1601913677954,05/10/2020 16:01:17,1601913677271,-4,05/10/2020 12:01:17,24435,9,questionnaire-t1fh,,7080918,115423,2051924,,complete,,,computer,Desktop or Laptop,Windows 10,Chrome 85.0.4183.102,1500x1000,1483x890,Pass,Information-Sheet,2,Yes,Fail,Pass,Pass,,One Talker,C,,No,END QUESTIONNAIRE,13822
1,1601922604291,05/10/2020 18:30:04,1601922609985,-4,05/10/2020 14:30:09,24435,9,questionnaire-t1fh,,7083206,113566,2052758,,complete,,,computer,Desktop or Laptop,Windows 10,Chrome 85.0.4183.121,1280x720,1214x650,Fail,Information-Sheet,2,Yes,Fail,,Fail,Fail,Two Talker,,C,No,BEGIN QUESTIONNAIRE,
2,1601922628012,05/10/2020 18:30:28,1601922633718,-4,05/10/2020 14:30:33,24435,9,questionnaire-t1fh,,7083206,113566,2052758,,complete,,,computer,Desktop or Laptop,Windows 10,Chrome 85.0.4183.121,1280x720,1197x650,Fail,Information-Sheet,2,Yes,Fail,,Fail,Fail,Two Talker,,C,No,consent,Yes
3,1601922628137,05/10/2020 18:30:28,1601922633722,-4,05/10/2020 14:30:33,24435,9,questionnaire-t1fh,,7083206,113566,2052758,,complete,,,computer,Desktop or Laptop,Windows 10,Chrome 85.0.4183.121,1280x720,1197x650,Fail,Information-Sheet,2,Yes,Fail,,Fail,Fail,Two Talker,,C,No,consent-quantised,1
4,1601922628137,05/10/2020 18:30:28,1601922633723,-4,05/10/2020 14:30:33,24435,9,questionnaire-t1fh,,7083206,113566,2052758,,complete,,,computer,Desktop or Laptop,Windows 10,Chrome 85.0.4183.121,1280x720,1197x650,Fail,Information-Sheet,2,Yes,Fail,,Fail,Fail,Two Talker,,C,No,END QUESTIONNAIRE,23739
1,1601953969392,06/10/2020 03:12:49,1601953969263,-4,05/10/2020 23:12:49,24435,9,questionnaire-t1fh,,7086031,113134,2053972,,complete,,,computer,Desktop or Laptop,Mac OS 10.15.6,WebKit 605.1.15,834x1112,1112x779,Fail,Information-Sheet,2,Yes,Fail,,Fail,Fail,One Talker,B,,No,BEGIN QUESTIONNAIRE,
2,1601953979977,06/10/2020 03:12:59,1601953979919,-4,05/10/2020 23:12:59,24435,9,questionnaire-t1fh,,7086031,113134,2053972,,complete,,,computer,Desktop or Laptop,Mac OS 10.15.6,WebKit 605.1.15,834x1112,1112x779,Fail,Information-Sheet,2,Yes,Fail,,Fail,Fail,One Talker,B,,No,consent,Yes
3,1601953980165,06/10/2020 03:13:00,1601953979921,-4,05/10/2020 23:12:59,24435,9,questionnaire-t1fh,,7086031,113134,2053972,,complete,,,computer,Desktop or Laptop,Mac OS 10.15.6,WebKit 605.1.15,834x1112,1112x779,Fail,Information-Sheet,2,Yes,Fail,,Fail,Fail,One Talker,B,,No,consent-quantised,1
4,1601953980165,06/10/2020 03:13:00,1601953979921,-4,05/10/2020 23:12:59,24435,9,questionnaire-t1fh,,7086031,113134,2053972,,complete,,,computer,Desktop or Laptop,Mac OS 10.15.6,WebKit 605.1.15,834x1112,1112x779,Fail,Information-Sheet,2,Yes,Fail,,Fail,Fail,One Talker,B,,No,END QUESTIONNAIRE,10658
1,1602120702489,08/10/2020 01:31:42,1602120701792,-4,07/10/2020 21:31:41,24435,9,questionnaire-t1fh,,7118767,114520,2067660,,complete,,,computer,Desktop or Laptop,Mac OS 10.13.6,Safari 13.1.2,1440x900,1415x814,Pass,Information-Sheet,2,Yes,Pass,Pass,,,One Talker,A,,No,BEGIN QUESTIONNAIRE,
2,1602120709942,08/10/2020 01:31:49,1602120709742,-4,07/10/2020 21:31:49,24435,9,questionnaire-t1fh,,7118767,114520,2067660,,complete,,,computer,Desktop or Laptop,Mac OS 10.13.6,Safari 13.1.2,1440x900,1415x814,Pass,Information-Sheet,2,Yes,Pass,Pass,,,One Talker,A,,No,consent,Yes
3,1602120710239,08/10/2020 01:31:50,1602120709746,-4,07/10/2020 21:31:49,24435,9,questionnaire-t1fh,,7118767,114520,2067660,,complete,,,computer,Desktop or Laptop,Mac OS 10.13.6,Safari 13.1.2,1440x900,1415x814,Pass,Information-Sheet,2,Yes,Pass,Pass,,,One Talker,A,,No,consent-quantised,1
4,1602120710239,08/10/2020 01:31:50,1602120709746,-4,07/10/2020 21:31:49,24435,9,questionnaire-t1fh,,7118767,114520,2067660,,complete,,,computer,Desktop or Laptop,Mac OS 10.13.6,Safari 13.1.2,1440x900,1415x814,Pass,Information-Sheet,2,Yes,Pass,Pass,,,One Talker,A,,No,END QUESTIONNAIRE,7954
1,1602174075682,08/10/2020 16:21:15,1602174075580,-4,08/10/2020 12:21:15,24435,9,questionnaire-t1fh,,7132978,122017,2072890,,complete,,,computer,Desktop or Laptop,Mac OS 10.15.6,Chrome 85.0.4183.121,1440x900,1440x705,Pass,Information-Sheet,2,Yes,Fail,Pass,Pass,,One Talker,A,,No,BEGIN QUESTIONNAIRE,
2,1602174082157,08/10/2020 16:21:22,1602174082107,-4,08/10/2020 12:21:22,24435,9,questionnaire-t1fh,,7132978,122017,2072890,,complete,,,computer,Desktop or Laptop,Mac OS 10.15.6,Chrome 85.0.4183.121,1440x900,1440x705,Pass,Information-Sheet,2,Yes,Fail,Pass,Pass,,One Talker,A,,No,consent,Yes
3,1602174082313,08/10/2020 16:21:22,1602174082108,-4,08/10/2020 12:21:22,24435,9,questionnaire-t1fh,,7132978,122017,2072890,,complete,,,computer,Desktop or Laptop,Mac OS 10.15.6,Chrome 85.0.4183.121,1440x900,1440x705,Pass,Information-Sheet,2,Yes,Fail,Pass,Pass,,One Talker,A,,No,consent-quantised,1
4,1602174082313,08/10/2020 16:21:22,1602174082109,-4,08/10/2020 12:21:22,24435,9,questionnaire-t1fh,,7132978,122017,2072890,,complete,,,computer,Desktop or Laptop,Mac OS 10.15.6,Chrome 85.0.4183.121,1440x900,1440x705,Pass,Information-Sheet,2,Yes,Fail,Pass,Pass,,One Talker,A,,No,END QUESTIONNAIRE,6530
1,1602481978187,12/10/2020 05:52:58,1602481978030,-4,12/10/2020 01:52:58,24435,9,questionnaire-t1fh,,7178848,117502,2088030,,complete,,,computer,Desktop or Laptop,Mac OS 10.15.6,Safari 13.1.2,1440x900,1440x751,Pass,Information-Sheet,2,Yes,Fail,Pass,Pass,,Two Talker,,D,No,BEGIN QUESTIONNAIRE,
2,1602481987145,12/10/2020 05:53:07,1602481986973,-4,12/10/2020 01:53:06,24435,9,questionnaire-t1fh,,7178848,117502,2088030,,complete,,,computer,Desktop or Laptop,Mac OS 10.15.6,Safari 13.1.2,1440x900,1440x751,Pass,Information-Sheet,2,Yes,Fail,Pass,Pass,,Two Talker,,D,No,consent,Yes
3,1602481987256,12/10/2020 05:53:07,1602481986975,-4,12/10/2020 01:53:06,24435,9,questionnaire-t1fh,,7178848,117502,2088030,,complete,,,computer,Desktop or Laptop,Mac OS 10.15.6,Safari 13.1.2,1440x900,1440x751,Pass,Information-Sheet,2,Yes,Fail,Pass,Pass,,Two Talker,,D,No,consent-quantised,1
4,1602481987256,12/10/2020 05:53:07,1602481986975,-4,12/10/2020 01:53:06,24435,9,questionnaire-t1fh,,7178848,117502,2088030,,complete,,,computer,Desktop or Laptop,Mac OS 10.15.6,Safari 13.1.2,1440x900,1440x751,Pass,Information-Sheet,2,Yes,Fail,Pass,Pass,,Two Talker,,D,No,END QUESTIONNAIRE,8945
1,1602566335263,13/10/2020 05:18:55,1602566335134,-4,13/10/2020 01:18:55,24435,9,questionnaire-t1fh,,7196065,117025,2096424,,complete,,,computer,Desktop or Laptop,Mac OS 10.14.6,Chrome 85.0.4183.121,1440x900,1440x702,Pass,Information-Sheet,2,Yes,Pass,Pass,,,One Talker,C,,No,BEGIN QUESTIONNAIRE,
2,1602566341528,13/10/2020 05:19:01,1602566341472,-4,13/10/2020 01:19:01,24435,9,questionnaire-t1fh,,7196065,117025,2096424,,complete,,,computer,Desktop or Laptop,Mac OS 10.14.6,Chrome 85.0.4183.121,1440x900,1440x702,Pass,Information-Sheet,2,Yes,Pass,Pass,,,One Talker,C,,No,consent,Yes
3,1602566341653,13/10/2020 05:19:01,1602566341474,-4,13/10/2020 01:19:01,24435,9,questionnaire-t1fh,,7196065,117025,2096424,,complete,,,computer,Desktop or Laptop,Mac OS 10.14.6,Chrome 85.0.4183.121,1440x900,1440x702,Pass,Information-Sheet,2,Yes,Pass,Pass,,,One Talker,C,,No,consent-quantised,1
4,1602566341653,13/10/2020 05:19:01,1602566341475,-4,13/10/2020 01:19:01,24435,9,questionnaire-t1fh,,7196065,117025,2096424,,complete,,,computer,Desktop or Laptop,Mac OS 10.14.6,Chrome 85.0.4183.121,1440x900,1440x702,Pass,Information-Sheet,2,Yes,Pass,Pass,,,One Talker,C,,No,END QUESTIONNAIRE,6341
1,1602696439645,14/10/2020 17:27:19,1602696438286,-4,14/10/2020 13:27:18,24435,9,questionnaire-t1fh,,7239557,120706,2111158,,complete,,,computer,Desktop or Laptop,Mac OS 10.14.6,Chrome 86.0.4240.75,1440x900,1358x701,Pass,Information-Sheet,2,Yes,Pass,Pass,,,Two Talker,,D,No,BEGIN QUESTIONNAIRE,
2,1602696447823,14/10/2020 17:27:27,1602696446516,-4,14/10/2020 13:27:26,24435,9,questionnaire-t1fh,,7239557,120706,2111158,,complete,,,computer,Desktop or Laptop,Mac OS 10.14.6,Chrome 86.0.4240.75,1440x900,1358x701,Pass,Information-Sheet,2,Yes,Pass,Pass,,,Two Talker,,D,No,consent,Yes
3,1602696447930,14/10/2020 17:27:27,1602696446518,-4,14/10/2020 13:27:26,24435,9,questionnaire-t1fh,,7239557,120706,2111158,,complete,,,computer,Desktop or Laptop,Mac OS 10.14.6,Chrome 86.0.4240.75,1440x900,1358x701,Pass,Information-Sheet,2,Yes,Pass,Pass,,,Two Talker,,D,No,consent-quantised,1
4,1602696447930,14/10/2020 17:27:27,1602696446519,-4,14/10/2020 13:27:26,24435,9,questionnaire-t1fh,,7239557,120706,2111158,,complete,,,computer,Desktop or Laptop,Mac OS 10.14.6,Chrome 86.0.4240.75,1440x900,1358x701,Pass,Information-Sheet,2,Yes,Pass,Pass,,,Two Talker,,D,No,END QUESTIONNAIRE,8233
1,1602734668124,15/10/2020 04:04:28,1602734667587,-4,15/10/2020 00:04:27,24435,9,questionnaire-t1fh,,7245926,115921,2113206,,complete,,,computer,Desktop or Laptop,Mac OS 10.12.6,Safari 12.1.2,1440x900,1440x745,Fail,Information-Sheet,2,Yes,Fail,,Fail,Fail,One Talker,A,,No,BEGIN QUESTIONNAIRE,
2,1602734702883,15/10/2020 04:05:02,1602734702407,-4,15/10/2020 00:05:02,24435,9,questionnaire-t1fh,,7245926,115921,2113206,,complete,,,computer,Desktop or Laptop,Mac OS 10.12.6,Safari 12.1.2,1440x900,1425x745,Fail,Information-Sheet,2,Yes,Fail,,Fail,Fail,One Talker,A,,No,consent,Yes
3,1602734703023,15/10/2020 04:05:03,1602734702409,-4,15/10/2020 00:05:02,24435,9,questionnaire-t1fh,,7245926,115921,2113206,,complete,,,computer,Desktop or Laptop,Mac OS 10.12.6,Safari 12.1.2,1440x900,1425x745,Fail,Information-Sheet,2,Yes,Fail,,Fail,Fail,One Talker,A,,No,consent-quantised,1
4,1602734703023,15/10/2020 04:05:03,1602734702409,-4,15/10/2020 00:05:02,24435,9,questionnaire-t1fh,,7245926,115921,2113206,,complete,,,computer,Desktop or Laptop,Mac OS 10.12.6,Safari 12.1.2,1440x900,1425x745,Fail,Information-Sheet,2,Yes,Fail,,Fail,Fail,One Talker,A,,No,END QUESTIONNAIRE,34822
1,1602788714757,15/10/2020 19:05:14,1602788714296,-4,15/10/2020 15:05:14,24435,9,questionnaire-t1fh,,7262759,113704,2118944,,complete,,,computer,Desktop or Laptop,Mac OS 10.15.4,Safari 13.1,1792x1120,1792x1057,Fail,Information-Sheet,2,Yes,Fail,,Fail,Fail,One Talker,B,,No,BEGIN QUESTIONNAIRE,
2,1602788752202,15/10/2020 19:05:52,1602788752147,-4,15/10/2020 15:05:52,24435,9,questionnaire-t1fh,,7262759,113704,2118944,,complete,,,computer,Desktop or Laptop,Mac OS 10.15.4,Safari 13.1,1792x1120,1792x1057,Fail,Information-Sheet,2,Yes,Fail,,Fail,Fail,One Talker,B,,No,consent,Yes
3,1602788752343,15/10/2020 19:05:52,1602788752148,-4,15/10/2020 15:05:52,24435,9,questionnaire-t1fh,,7262759,113704,2118944,,complete,,,computer,Desktop or Laptop,Mac OS 10.15.4,Safari 13.1,1792x1120,1792x1057,Fail,Information-Sheet,2,Yes,Fail,,Fail,Fail,One Talker,B,,No,consent-quantised,1
4,1602788752343,15/10/2020 19:05:52,1602788752148,-4,15/10/2020 15:05:52,24435,9,questionnaire-t1fh,,7262759,113704,2118944,,complete,,,computer,Desktop or Laptop,Mac OS 10.15.4,Safari 13.1,1792x1120,1792x1057,Fail,Information-Sheet,2,Yes,Fail,,Fail,Fail,One Talker,B,,No,END QUESTIONNAIRE,37852
1,1602792696261,15/10/2020 20:11:36,1602792697998,-4,15/10/2020 16:11:37,24435,9,questionnaire-t1fh,,7263487,122272,2119146,,complete,,,computer,Desktop or Laptop,Windows 10,Chrome 86.0.4240.75,1366x768,1366x625,Fail,Information-Sheet,2,Yes,Fail,,Fail,Fail,One Talker,C,,No,BEGIN QUESTIONNAIRE,
2,1602792705609,15/10/2020 20:11:45,1602792707372,-4,15/10/2020 16:11:47,24435,9,questionnaire-t1fh,,7263487,122272,2119146,,complete,,,computer,Desktop or Laptop,Windows 10,Chrome 86.0.4240.75,1366x768,1349x625,Fail,Information-Sheet,2,Yes,Fail,,Fail,Fail,One Talker,C,,No,consent,Yes
3,1602792706641,15/10/2020 20:11:46,1602792707378,-4,15/10/2020 16:11:47,24435,9,questionnaire-t1fh,,7263487,122272,2119146,,complete,,,computer,Desktop or Laptop,Windows 10,Chrome 86.0.4240.75,1366x768,1349x625,Fail,Information-Sheet,2,Yes,Fail,,Fail,Fail,One Talker,C,,No,consent-quantised,1
4,1602792706641,15/10/2020 20:11:46,1602792707379,-4,15/10/2020 16:11:47,24435,9,questionnaire-t1fh,,7263487,122272,2119146,,complete,,,computer,Desktop or Laptop,Windows 10,Chrome 86.0.4240.75,1366x768,1349x625,Fail,Information-Sheet,2,Yes,Fail,,Fail,Fail,One Talker,C,,No,END QUESTIONNAIRE,9381
1,1603067385056,19/10/2020 00:29:45,1603067384867,-4,18/10/2020 20:29:44,24435,9,questionnaire-t1fh,,7301987,113677,2130378,,complete,,,computer,Desktop or Laptop,Mac OS 10.15.6,Chrome 86.0.4240.80,1440x900,1440x728,Pass,Information-Sheet,2,Yes,Pass,Pass,,,Two Talker,,A,No,BEGIN QUESTIONNAIRE,
2,1603067390614,19/10/2020 00:29:50,1603067390562,-4,18/10/2020 20:29:50,24435,9,questionnaire-t1fh,,7301987,113677,2130378,,complete,,,computer,Desktop or Laptop,Mac OS 10.15.6,Chrome 86.0.4240.80,1440x900,1440x728,Pass,Information-Sheet,2,Yes,Pass,Pass,,,Two Talker,,A,No,consent,Yes
3,1603067390739,19/10/2020 00:29:50,1603067390565,-4,18/10/2020 20:29:50,24435,9,questionnaire-t1fh,,7301987,113677,2130378,,complete,,,computer,Desktop or Laptop,Mac OS 10.15.6,Chrome 86.0.4240.80,1440x900,1440x728,Pass,Information-Sheet,2,Yes,Pass,Pass,,,Two Talker,,A,No,consent-quantised,1
4,1603067390739,19/10/2020 00:29:50,1603067390565,-4,18/10/2020 20:29:50,24435,9,questionnaire-t1fh,,7301987,113677,2130378,,complete,,,computer,Desktop or Laptop,Mac OS 10.15.6,Chrome 86.0.4240.80,1440x900,1440x728,Pass,Information-Sheet,2,Yes,Pass,Pass,,,Two Talker,,A,No,END QUESTIONNAIRE,5698
1,1600740311154,22/09/2020 02:05:11,1600740311048,-4,21/09/2020 22:05:11,24435,9,questionnaire-t1fh,,6885269,118174,1987350,,complete,,,computer,Desktop or Laptop,Mac OS 10.14.6,Chrome 85.0.4183.102,1440x900,1440x821,Pass,Information-Sheet,2,Yes,Pass,Pass,,,One Talker,C,,No,BEGIN QUESTIONNAIRE,
2,1600740334860,22/09/2020 02:05:34,1600740334779,-4,21/09/2020 22:05:34,24435,9,questionnaire-t1fh,,6885269,118174,1987350,,complete,,,computer,Desktop or Laptop,Mac OS 10.14.6,Chrome 85.0.4183.102,1440x900,1440x821,Pass,Information-Sheet,2,Yes,Pass,Pass,,,One Talker,C,,No,consent,Yes
3,1600740334985,22/09/2020 02:05:34,1600740334782,-4,21/09/2020 22:05:34,24435,9,questionnaire-t1fh,,6885269,118174,1987350,,complete,,,computer,Desktop or Laptop,Mac OS 10.14.6,Chrome 85.0.4183.102,1440x900,1440x821,Pass,Information-Sheet,2,Yes,Pass,Pass,,,One Talker,C,,No,consent-quantised,1
4,1600740334985,22/09/2020 02:05:34,1600740334782,-4,21/09/2020 22:05:34,24435,9,questionnaire-t1fh,,6885269,118174,1987350,,complete,,,computer,Desktop or Laptop,Mac OS 10.14.6,Chrome 85.0.4183.102,1440x900,1440x821,Pass,Information-Sheet,2,Yes,Pass,Pass,,,One Talker,C,,No,END QUESTIONNAIRE,23734
1,1600782603732,22/09/2020 13:50:03,1600782603596,-4,22/09/2020 09:50:03,24435,9,questionnaire-t1fh,,6892106,122407,1989700,,complete,,,computer,Desktop or Laptop,Mac OS 10.15.6,Chrome 85.0.4183.102,1440x900,1440x749,Pass,Information-Sheet,2,Yes,Fail,Pass,Pass,,Two Talker,,B,No,BEGIN QUESTIONNAIRE,
2,1600782697069,22/09/2020 13:51:37,1600782696952,-4,22/09/2020 09:51:36,24435,9,questionnaire-t1fh,,6892106,122407,1989700,,complete,,,computer,Desktop or Laptop,Mac OS 10.15.6,Chrome 85.0.4183.102,1440x900,1425x749,Pass,Information-Sheet,2,Yes,Fail,Pass,Pass,,Two Talker,,B,No,consent,Yes
3,1600782697210,22/09/2020 13:51:37,1600782696954,-4,22/09/2020 09:51:36,24435,9,questionnaire-t1fh,,6892106,122407,1989700,,complete,,,computer,Desktop or Laptop,Mac OS 10.15.6,Chrome 85.0.4183.102,1440x900,1425x749,Pass,Information-Sheet,2,Yes,Fail,Pass,Pass,,Two Talker,,B,No,consent-quantised,1
4,1600782697210,22/09/2020 13:51:37,1600782696954,-4,22/09/2020 09:51:36,24435,9,questionnaire-t1fh,,6892106,122407,1989700,,complete,,,computer,Desktop or Laptop,Mac OS 10.15.6,Chrome 85.0.4183.102,1440x900,1425x749,Pass,Information-Sheet,2,Yes,Fail,Pass,Pass,,Two Talker,,B,No,END QUESTIONNAIRE,93358
1,1600815603290,22/09/2020 23:00:03,1600815603094,-4,22/09/2020 19:00:03,24435,9,questionnaire-t1fh,,6899574,117841,1992283,,complete,,,computer,Desktop or Laptop,Windows 10,Edge 85.0.564.51,1280x720,1280x578,Pass,Information-Sheet,2,Yes,Pass,Pass,,,Two Talker,,C,No,BEGIN QUESTIONNAIRE,
2,1600815613533,22/09/2020 23:00:13,1600815613501,-4,22/09/2020 19:00:13,24435,9,questionnaire-t1fh,,6899574,117841,1992283,,complete,,,computer,Desktop or Laptop,Windows 10,Edge 85.0.564.51,1280x720,1263x578,Pass,Information-Sheet,2,Yes,Pass,Pass,,,Two Talker,,C,No,consent,Yes
3,1600815613691,22/09/2020 23:00:13,1600815613503,-4,22/09/2020 19:00:13,24435,9,questionnaire-t1fh,,6899574,117841,1992283,,complete,,,computer,Desktop or Laptop,Windows 10,Edge 85.0.564.51,1280x720,1263x578,Pass,Information-Sheet,2,Yes,Pass,Pass,,,Two Talker,,C,No,consent-quantised,1
4,1600815613691,22/09/2020 23:00:13,1600815613503,-4,22/09/2020 19:00:13,24435,9,questionnaire-t1fh,,6899574,117841,1992283,,complete,,,computer,Desktop or Laptop,Windows 10,Edge 85.0.564.51,1280x720,1263x578,Pass,Information-Sheet,2,Yes,Pass,Pass,,,Two Talker,,C,No,END QUESTIONNAIRE,10409
1,1600908609331,24/09/2020 00:50:09,1600908609243,-4,23/09/2020 20:50:09,24435,9,questionnaire-t1fh,,6919928,120907,1998066,,rejected - time limit reached,,,computer,Desktop or Laptop,Windows 10,Chrome 85.0.4183.121,1280x720,1280x648,Pass,Information-Sheet,2,Yes,Fail,Pass,Pass,,One Talker,D,,No,BEGIN QUESTIONNAIRE,
2,1600908616040,24/09/2020 00:50:16,1600908616145,-4,23/09/2020 20:50:16,24435,9,questionnaire-t1fh,,6919928,120907,1998066,,rejected - time limit reached,,,computer,Desktop or Laptop,Windows 10,Chrome 85.0.4183.121,1280x720,1263x648,Pass,Information-Sheet,2,Yes,Fail,Pass,Pass,,One Talker,D,,No,consent,Yes
3,1600908616165,24/09/2020 00:50:16,1600908616148,-4,23/09/2020 20:50:16,24435,9,questionnaire-t1fh,,6919928,120907,1998066,,rejected - time limit reached,,,computer,Desktop or Laptop,Windows 10,Chrome 85.0.4183.121,1280x720,1263x648,Pass,Information-Sheet,2,Yes,Fail,Pass,Pass,,One Talker,D,,No,consent-quantised,1
4,1600908616165,24/09/2020 00:50:16,1600908616149,-4,23/09/2020 20:50:16,24435,9,questionnaire-t1fh,,6919928,120907,1998066,,rejected - time limit reached,,,computer,Desktop or Laptop,Windows 10,Chrome 85.0.4183.121,1280x720,1263x648,Pass,Information-Sheet,2,Yes,Fail,Pass,Pass,,One Talker,D,,No,END QUESTIONNAIRE,6906
1,1600910735972,24/09/2020 01:25:35,1600910788798,-4,23/09/2020 21:26:28,24435,9,questionnaire-t1fh,,6920090,121009,1998094,,complete,,,computer,Desktop or Laptop,Windows 10,Chrome 85.0.4183.121,1536x864,1536x754,Fail,Information-Sheet,2,Yes,Fail,,Fail,Fail,Two Talker,,A,No,BEGIN QUESTIONNAIRE,
2,1600910745974,24/09/2020 01:25:45,1600910798870,-4,23/09/2020 21:26:38,24435,9,questionnaire-t1fh,,6920090,121009,1998094,,complete,,,computer,Desktop or Laptop,Windows 10,Chrome 85.0.4183.121,1536x864,1519x754,Fail,Information-Sheet,2,Yes,Fail,,Fail,Fail,Two Talker,,A,No,consent,Yes
3,1600910746113,24/09/2020 01:25:46,1600910798872,-4,23/09/2020 21:26:38,24435,9,questionnaire-t1fh,,6920090,121009,1998094,,complete,,,computer,Desktop or Laptop,Windows 10,Chrome 85.0.4183.121,1536x864,1519x754,Fail,Information-Sheet,2,Yes,Fail,,Fail,Fail,Two Talker,,A,No,consent-quantised,1
4,1600910746113,24/09/2020 01:25:46,1600910798872,-4,23/09/2020 21:26:38,24435,9,questionnaire-t1fh,,6920090,121009,1998094,,complete,,,computer,Desktop or Laptop,Windows 10,Chrome 85.0.4183.121,1536x864,1519x754,Fail,Information-Sheet,2,Yes,Fail,,Fail,Fail,Two Talker,,A,No,END QUESTIONNAIRE,10074
1,1600961518224,24/09/2020 15:31:58,1600961518059,-4,24/09/2020 11:31:58,24435,9,questionnaire-t1fh,,6930352,122425,2001536,,complete,,,computer,Desktop or Laptop,Mac OS 10.13.6,Chrome 85.0.4183.121,1440x900,1440x789,Pass,Information-Sheet,2,Yes,Fail,Pass,Pass,,One Talker,B,,No,BEGIN QUESTIONNAIRE,
2,1600961541555,24/09/2020 15:32:21,1600961541282,-4,24/09/2020 11:32:21,24435,9,questionnaire-t1fh,,6930352,122425,2001536,,complete,,,computer,Desktop or Laptop,Mac OS 10.13.6,Chrome 85.0.4183.121,1440x900,1440x789,Pass,Information-Sheet,2,Yes,Fail,Pass,Pass,,One Talker,B,,No,consent,Yes
3,1600961541836,24/09/2020 15:32:21,1600961541285,-4,24/09/2020 11:32:21,24435,9,questionnaire-t1fh,,6930352,122425,2001536,,complete,,,computer,Desktop or Laptop,Mac OS 10.13.6,Chrome 85.0.4183.121,1440x900,1440x789,Pass,Information-Sheet,2,Yes,Fail,Pass,Pass,,One Talker,B,,No,consent-quantised,1
4,1600961541836,24/09/2020 15:32:21,1600961541285,-4,24/09/2020 11:32:21,24435,9,questionnaire-t1fh,,6930352,122425,2001536,,complete,,,computer,Desktop or Laptop,Mac OS 10.13.6,Chrome 85.0.4183.121,1440x900,1440x789,Pass,Information-Sheet,2,Yes,Fail,Pass,Pass,,One Talker,B,,No,END QUESTIONNAIRE,23226
1,1600996486809,25/09/2020 01:14:46,1600996486672,-4,24/09/2020 21:14:46,24435,9,questionnaire-t1fh,,6941978,121096,2005061,,complete,,,computer,Desktop or Laptop,Mac OS 10.13.6,Safari 13.1.2,1440x900,1440x747,Pass,Information-Sheet,2,Yes,Pass,Pass,,,One Talker,A,,No,BEGIN QUESTIONNAIRE,
2,1600996618899,25/09/2020 01:16:58,1600996618836,-4,24/09/2020 21:16:58,24435,9,questionnaire-t1fh,,6941978,121096,2005061,,complete,,,computer,Desktop or Laptop,Mac OS 10.13.6,Safari 13.1.2,1440x900,1440x837,Pass,Information-Sheet,2,Yes,Pass,Pass,,,One Talker,A,,No,consent,Yes
3,1600996619040,25/09/2020 01:16:59,1600996618838,-4,24/09/2020 21:16:58,24435,9,questionnaire-t1fh,,6941978,121096,2005061,,complete,,,computer,Desktop or Laptop,Mac OS 10.13.6,Safari 13.1.2,1440x900,1440x837,Pass,Information-Sheet,2,Yes,Pass,Pass,,,One Talker,A,,No,consent-quantised,1
4,1600996619040,25/09/2020 01:16:59,1600996618838,-4,24/09/2020 21:16:58,24435,9,questionnaire-t1fh,,6941978,121096,2005061,,complete,,,computer,Desktop or Laptop,Mac OS 10.13.6,Safari 13.1.2,1440x900,1440x837,Pass,Information-Sheet,2,Yes,Pass,Pass,,,One Talker,A,,No,END QUESTIONNAIRE,132167
1,1601064783522,25/09/2020 20:13:03,1601064782974,-4,25/09/2020 16:13:02,24435,9,questionnaire-t1fh,,6968672,117301,2009452,,complete,,,computer,Desktop or Laptop,Mac OS 10.15.6,Chrome 85.0.4183.83,1440x900,1346x663,Pass,Information-Sheet,2,Yes,Pass,Pass,,,Two Talker,,D,No,BEGIN QUESTIONNAIRE,
2,1601064796258,25/09/2020 20:13:16,1601064796163,-4,25/09/2020 16:13:16,24435,9,questionnaire-t1fh,,6968672,117301,2009452,,complete,,,computer,Desktop or Laptop,Mac OS 10.15.6,Chrome 85.0.4183.83,1440x900,1331x663,Pass,Information-Sheet,2,Yes,Pass,Pass,,,Two Talker,,D,No,consent,Yes
3,1601064796398,25/09/2020 20:13:16,1601064796165,-4,25/09/2020 16:13:16,24435,9,questionnaire-t1fh,,6968672,117301,2009452,,complete,,,computer,Desktop or Laptop,Mac OS 10.15.6,Chrome 85.0.4183.83,1440x900,1331x663,Pass,Information-Sheet,2,Yes,Pass,Pass,,,Two Talker,,D,No,consent-quantised,1
4,1601064796398,25/09/2020 20:13:16,1601064796166,-4,25/09/2020 16:13:16,24435,9,questionnaire-t1fh,,6968672,117301,2009452,,complete,,,computer,Desktop or Laptop,Mac OS 10.15.6,Chrome 85.0.4183.83,1440x900,1331x663,Pass,Information-Sheet,2,Yes,Pass,Pass,,,Two Talker,,D,No,END QUESTIONNAIRE,13192
1,1601163925451,26/09/2020 23:45:25,1601163924927,-4,26/09/2020 19:45:24,24435,9,questionnaire-t1fh,,6976034,114457,2011356,,complete,,,computer,Desktop or Laptop,Mac OS 10.12.6,Chrome 85.0.4183.102,1440x900,1440x772,Pass,Information-Sheet,2,Yes,Pass,Pass,,,Two Talker,,C,No,BEGIN QUESTIONNAIRE,
2,1601163983202,26/09/2020 23:46:23,1601163982733,-4,26/09/2020 19:46:22,24435,9,questionnaire-t1fh,,6976034,114457,2011356,,complete,,,computer,Desktop or Laptop,Mac OS 10.12.6,Chrome 85.0.4183.102,1440x900,1440x772,Pass,Information-Sheet,2,Yes,Pass,Pass,,,Two Talker,,C,No,consent,Yes
3,1601163983344,26/09/2020 23:46:23,1601163982734,-4,26/09/2020 19:46:22,24435,9,questionnaire-t1fh,,6976034,114457,2011356,,complete,,,computer,Desktop or Laptop,Mac OS 10.12.6,Chrome 85.0.4183.102,1440x900,1440x772,Pass,Information-Sheet,2,Yes,Pass,Pass,,,Two Talker,,C,No,consent-quantised,1
4,1601163983344,26/09/2020 23:46:23,1601163982735,-4,26/09/2020 19:46:22,24435,9,questionnaire-t1fh,,6976034,114457,2011356,,complete,,,computer,Desktop or Laptop,Mac OS 10.12.6,Chrome 85.0.4183.102,1440x900,1440x772,Pass,Information-Sheet,2,Yes,Pass,Pass,,,Two Talker,,C,No,END QUESTIONNAIRE,57808
1,1601192873832,27/09/2020 07:47:53,1601192873637,-4,27/09/2020 03:47:53,24435,9,questionnaire-t1fh,,6976797,116275,2011607,,complete,,,computer,Desktop or Laptop,Mac OS 10.15.6,Chrome 84.0.4147.135,1440x900,1440x711,Pass,Information-Sheet,2,Yes,Pass,Pass,,,Two Talker,,A,No,BEGIN QUESTIONNAIRE,
2,1601192918551,27/09/2020 07:48:38,1601192918496,-4,27/09/2020 03:48:38,24435,9,questionnaire-t1fh,,6976797,116275,2011607,,complete,,,computer,Desktop or Laptop,Mac OS 10.15.6,Chrome 84.0.4147.135,1440x900,1440x711,Pass,Information-Sheet,2,Yes,Pass,Pass,,,Two Talker,,A,No,consent,Yes
3,1601192918660,27/09/2020 07:48:38,1601192918499,-4,27/09/2020 03:48:38,24435,9,questionnaire-t1fh,,6976797,116275,2011607,,complete,,,computer,Desktop or Laptop,Mac OS 10.15.6,Chrome 84.0.4147.135,1440x900,1440x711,Pass,Information-Sheet,2,Yes,Pass,Pass,,,Two Talker,,A,No,consent-quantised,1
4,1601192918660,27/09/2020 07:48:38,1601192918499,-4,27/09/2020 03:48:38,24435,9,questionnaire-t1fh,,6976797,116275,2011607,,complete,,,computer,Desktop or Laptop,Mac OS 10.15.6,Chrome 84.0.4147.135,1440x900,1440x711,Pass,Information-Sheet,2,Yes,Pass,Pass,,,Two Talker,,A,No,END QUESTIONNAIRE,44862
1,1601247372308,27/09/2020 22:56:12,1601247373045,-4,27/09/2020 18:56:13,24435,9,questionnaire-t1fh,,6981848,118687,2012919,,complete,,,computer,Desktop or Laptop,Windows 10,Chrome 85.0.4183.121,1280x720,1280x578,Pass,Information-Sheet,2,Yes,Pass,Pass,,,Two Talker,,D,No,BEGIN QUESTIONNAIRE,
2,1601247448537,27/09/2020 22:57:28,1601247449340,-4,27/09/2020 18:57:29,24435,9,questionnaire-t1fh,,6981848,118687,2012919,,complete,,,computer,Desktop or Laptop,Windows 10,Chrome 85.0.4183.121,1280x720,1263x578,Pass,Information-Sheet,2,Yes,Pass,Pass,,,Two Talker,,D,No,consent,Yes
3,1601247448661,27/09/2020 22:57:28,1601247449342,-4,27/09/2020 18:57:29,24435,9,questionnaire-t1fh,,6981848,118687,2012919,,complete,,,computer,Desktop or Laptop,Windows 10,Chrome 85.0.4183.121,1280x720,1263x578,Pass,Information-Sheet,2,Yes,Pass,Pass,,,Two Talker,,D,No,consent-quantised,1
4,1601247448661,27/09/2020 22:57:28,1601247449342,-4,27/09/2020 18:57:29,24435,9,questionnaire-t1fh,,6981848,118687,2012919,,complete,,,computer,Desktop or Laptop,Windows 10,Chrome 85.0.4183.121,1280x720,1263x578,Pass,Information-Sheet,2,Yes,Pass,Pass,,,Two Talker,,D,No,END QUESTIONNAIRE,76297
1,1601254200505,28/09/2020 00:50:00,1601254200367,-4,27/09/2020 20:50:00,24435,9,questionnaire-t1fh,,6982221,114670,2013027,,complete,,,computer,Desktop or Laptop,Mac OS 10.12.6,Chrome 84.0.4147.135,1440x900,1365x689,Pass,Information-Sheet,2,Yes,Fail,Pass,Pass,,One Talker,D,,No,BEGIN QUESTIONNAIRE,
2,1601254209174,28/09/2020 00:50:09,1601254209056,-4,27/09/2020 20:50:09,24435,9,questionnaire-t1fh,,6982221,114670,2013027,,complete,,,computer,Desktop or Laptop,Mac OS 10.12.6,Chrome 84.0.4147.135,1440x900,1365x689,Pass,Information-Sheet,2,Yes,Fail,Pass,Pass,,One Talker,D,,No,consent,Yes
3,1601254209284,28/09/2020 00:50:09,1601254209058,-4,27/09/2020 20:50:09,24435,9,questionnaire-t1fh,,6982221,114670,2013027,,complete,,,computer,Desktop or Laptop,Mac OS 10.12.6,Chrome 84.0.4147.135,1440x900,1365x689,Pass,Information-Sheet,2,Yes,Fail,Pass,Pass,,One Talker,D,,No,consent-quantised,1
4,1601254209284,28/09/2020 00:50:09,1601254209059,-4,27/09/2020 20:50:09,24435,9,questionnaire-t1fh,,6982221,114670,2013027,,complete,,,computer,Desktop or Laptop,Mac OS 10.12.6,Chrome 84.0.4147.135,1440x900,1365x689,Pass,Information-Sheet,2,Yes,Fail,Pass,Pass,,One Talker,D,,No,END QUESTIONNAIRE,8693
1,1601306346986,28/09/2020 15:19:06,1601306346889,-4,28/09/2020 11:19:06,24435,9,questionnaire-t1fh,,6989181,117754,2016147,,complete,,,computer,Desktop or Laptop,Mac OS 10.15.6,Chrome 85.0.4183.83,1440x900,1440x790,Pass,Information-Sheet,2,Yes,Pass,Pass,,,One Talker,C,,No,BEGIN QUESTIONNAIRE,
2,1601306469160,28/09/2020 15:21:09,1601306468826,-4,28/09/2020 11:21:08,24435,9,questionnaire-t1fh,,6989181,117754,2016147,,complete,,,computer,Desktop or Laptop,Mac OS 10.15.6,Chrome 85.0.4183.83,1440x900,1440x790,Pass,Information-Sheet,2,Yes,Pass,Pass,,,One Talker,C,,No,consent,Yes
3,1601306469301,28/09/2020 15:21:09,1601306468829,-4,28/09/2020 11:21:08,24435,9,questionnaire-t1fh,,6989181,117754,2016147,,complete,,,computer,Desktop or Laptop,Mac OS 10.15.6,Chrome 85.0.4183.83,1440x900,1440x790,Pass,Information-Sheet,2,Yes,Pass,Pass,,,One Talker,C,,No,consent-quantised,1
4,1601306469301,28/09/2020 15:21:09,1601306468829,-4,28/09/2020 11:21:08,24435,9,questionnaire-t1fh,,6989181,117754,2016147,,complete,,,computer,Desktop or Laptop,Mac OS 10.15.6,Chrome 85.0.4183.83,1440x900,1440x790,Pass,Information-Sheet,2,Yes,Pass,Pass,,,One Talker,C,,No,END QUESTIONNAIRE,121940
1,1601321557714,28/09/2020 19:32:37,1601321557617,-4,28/09/2020 15:32:37,24435,9,questionnaire-t1fh,,6992793,121216,2017958,,complete,,,computer,Desktop or Laptop,Mac OS 10.15.6,Safari 14.0,1440x900,1439x730,Pass,Information-Sheet,2,Yes,Pass,Pass,,,Two Talker,,B,No,BEGIN QUESTIONNAIRE,
2,1601321599527,28/09/2020 19:33:19,1601321599487,-4,28/09/2020 15:33:19,24435,9,questionnaire-t1fh,,6992793,121216,2017958,,complete,,,computer,Desktop or Laptop,Mac OS 10.15.6,Safari 14.0,1440x900,1439x730,Pass,Information-Sheet,2,Yes,Pass,Pass,,,Two Talker,,B,No,consent,Yes
3,1601321599698,28/09/2020 19:33:19,1601321599489,-4,28/09/2020 15:33:19,24435,9,questionnaire-t1fh,,6992793,121216,2017958,,complete,,,computer,Desktop or Laptop,Mac OS 10.15.6,Safari 14.0,1440x900,1439x730,Pass,Information-Sheet,2,Yes,Pass,Pass,,,Two Talker,,B,No,consent-quantised,1
4,1601321599698,28/09/2020 19:33:19,1601321599489,-4,28/09/2020 15:33:19,24435,9,questionnaire-t1fh,,6992793,121216,2017958,,complete,,,computer,Desktop or Laptop,Mac OS 10.15.6,Safari 14.0,1440x900,1439x730,Pass,Information-Sheet,2,Yes,Pass,Pass,,,Two Talker,,B,No,END QUESTIONNAIRE,41872
1,1601336901917,28/09/2020 23:48:21,1601336901782,-4,28/09/2020 19:48:21,24435,9,questionnaire-t1fh,,6994635,120775,2018926,,complete,,,computer,Desktop or Laptop,Mac OS 10.15.6,Safari 14.0,1440x900,1440x837,Pass,Information-Sheet,2,Yes,Pass,Pass,,,Two Talker,,A,No,BEGIN QUESTIONNAIRE,
2,1601336912066,28/09/2020 23:48:32,1601336911978,-4,28/09/2020 19:48:31,24435,9,questionnaire-t1fh,,6994635,120775,2018926,,complete,,,computer,Desktop or Laptop,Mac OS 10.15.6,Safari 14.0,1440x900,1440x837,Pass,Information-Sheet,2,Yes,Pass,Pass,,,Two Talker,,A,No,consent,Yes
3,1601336912175,28/09/2020 23:48:32,1601336911981,-4,28/09/2020 19:48:31,24435,9,questionnaire-t1fh,,6994635,120775,2018926,,complete,,,computer,Desktop or Laptop,Mac OS 10.15.6,Safari 14.0,1440x900,1440x837,Pass,Information-Sheet,2,Yes,Pass,Pass,,,Two Talker,,A,No,consent-quantised,1
4,1601336912175,28/09/2020 23:48:32,1601336911981,-4,28/09/2020 19:48:31,24435,9,questionnaire-t1fh,,6994635,120775,2018926,,complete,,,computer,Desktop or Laptop,Mac OS 10.15.6,Safari 14.0,1440x900,1440x837,Pass,Information-Sheet,2,Yes,Pass,Pass,,,Two Talker,,A,No,END QUESTIONNAIRE,10199
1,1601345107727,29/09/2020 02:05:07,1601345108474,-4,28/09/2020 22:05:08,24435,9,questionnaire-t1fh,,6995035,118006,2019207,,complete,,,computer,Desktop or Laptop,Windows 10,Chrome 85.0.4183.121,1280x720,1280x578,Pass,Information-Sheet,2,Yes,Pass,Pass,,,One Talker,A,,No,BEGIN QUESTIONNAIRE,
2,1601345256120,29/09/2020 02:07:36,1601345256932,-4,28/09/2020 22:07:36,24435,9,questionnaire-t1fh,,6995035,118006,2019207,,complete,,,computer,Desktop or Laptop,Windows 10,Chrome 85.0.4183.121,1280x720,1263x578,Pass,Information-Sheet,2,Yes,Pass,Pass,,,One Talker,A,,No,consent,Yes
3,1601345256230,29/09/2020 02:07:36,1601345256933,-4,28/09/2020 22:07:36,24435,9,questionnaire-t1fh,,6995035,118006,2019207,,complete,,,computer,Desktop or Laptop,Windows 10,Chrome 85.0.4183.121,1280x720,1263x578,Pass,Information-Sheet,2,Yes,Pass,Pass,,,One Talker,A,,No,consent-quantised,1
4,1601345256230,29/09/2020 02:07:36,1601345256934,-4,28/09/2020 22:07:36,24435,9,questionnaire-t1fh,,6995035,118006,2019207,,complete,,,computer,Desktop or Laptop,Windows 10,Chrome 85.0.4183.121,1280x720,1263x578,Pass,Information-Sheet,2,Yes,Pass,Pass,,,One Talker,A,,No,END QUESTIONNAIRE,148460
1,1601395266913,29/09/2020 16:01:06,1601395266971,-4,29/09/2020 12:01:06,24435,9,questionnaire-t1fh,,7003389,114529,2023260,,complete,,,computer,Desktop or Laptop,Mac OS 10.15.6,Edge 85.0.564.44,1440x900,1440x748,Pass,Information-Sheet,2,Yes,Fail,Pass,Pass,,One Talker,B,,No,BEGIN QUESTIONNAIRE,
2,1601395382923,29/09/2020 16:03:02,1601395382949,-4,29/09/2020 12:03:02,24435,9,questionnaire-t1fh,,7003389,114529,2023260,,complete,,,computer,Desktop or Laptop,Mac OS 10.15.6,Edge 85.0.564.44,1440x900,1440x748,Pass,Information-Sheet,2,Yes,Fail,Pass,Pass,,One Talker,B,,No,consent,Yes
3,1601395383033,29/09/2020 16:03:03,1601395382952,-4,29/09/2020 12:03:02,24435,9,questionnaire-t1fh,,7003389,114529,2023260,,complete,,,computer,Desktop or Laptop,Mac OS 10.15.6,Edge 85.0.564.44,1440x900,1440x748,Pass,Information-Sheet,2,Yes,Fail,Pass,Pass,,One Talker,B,,No,consent-quantised,1
4,1601395383033,29/09/2020 16:03:03,1601395382952,-4,29/09/2020 12:03:02,24435,9,questionnaire-t1fh,,7003389,114529,2023260,,complete,,,computer,Desktop or Laptop,Mac OS 10.15.6,Edge 85.0.564.44,1440x900,1440x748,Pass,Information-Sheet,2,Yes,Fail,Pass,Pass,,One Talker,B,,No,END QUESTIONNAIRE,115981
1,1601430206971,30/09/2020 01:43:26,1601430207056,-4,29/09/2020 21:43:27,24435,9,questionnaire-t1fh,,7008457,113554,2026421,,complete,,,computer,Desktop or Laptop,Windows 10,Chrome 85.0.4183.121,1280x720,1280x610,Pass,Information-Sheet,2,Yes,Pass,Pass,,,Two Talker,,C,No,BEGIN QUESTIONNAIRE,
2,1601430219758,30/09/2020 01:43:39,1601430219873,-4,29/09/2020 21:43:39,24435,9,questionnaire-t1fh,,7008457,113554,2026421,,complete,,,computer,Desktop or Laptop,Windows 10,Chrome 85.0.4183.121,1280x720,1263x610,Pass,Information-Sheet,2,Yes,Pass,Pass,,,Two Talker,,C,No,consent,Yes
3,1601430219950,30/09/2020 01:43:39,1601430219874,-4,29/09/2020 21:43:39,24435,9,questionnaire-t1fh,,7008457,113554,2026421,,complete,,,computer,Desktop or Laptop,Windows 10,Chrome 85.0.4183.121,1280x720,1263x610,Pass,Information-Sheet,2,Yes,Pass,Pass,,,Two Talker,,C,No,consent-quantised,1
4,1601430219950,30/09/2020 01:43:39,1601430219874,-4,29/09/2020 21:43:39,24435,9,questionnaire-t1fh,,7008457,113554,2026421,,complete,,,computer,Desktop or Laptop,Windows 10,Chrome 85.0.4183.121,1280x720,1263x610,Pass,Information-Sheet,2,Yes,Pass,Pass,,,Two Talker,,C,No,END QUESTIONNAIRE,12818
1,1601478536318,30/09/2020 15:08:56,1601478536234,-4,30/09/2020 11:08:56,24435,9,questionnaire-t1fh,,7019993,117331,2030168,,complete,,,computer,Desktop or Laptop,Mac OS 10.14.6,Safari 13.1,1440x900,1328x745,Pass,Information-Sheet,2,Yes,Pass,Pass,,,One Talker,A,,No,BEGIN QUESTIONNAIRE,
2,1601478605961,30/09/2020 15:10:05,1601478605686,-4,30/09/2020 11:10:05,24435,9,questionnaire-t1fh,,7019993,117331,2030168,,complete,,,computer,Desktop or Laptop,Mac OS 10.14.6,Safari 13.1,1440x900,1328x745,Pass,Information-Sheet,2,Yes,Pass,Pass,,,One Talker,A,,No,consent,Yes
3,1601478606086,30/09/2020 15:10:06,1601478605687,-4,30/09/2020 11:10:05,24435,9,questionnaire-t1fh,,7019993,117331,2030168,,complete,,,computer,Desktop or Laptop,Mac OS 10.14.6,Safari 13.1,1440x900,1328x745,Pass,Information-Sheet,2,Yes,Pass,Pass,,,One Talker,A,,No,consent-quantised,1
4,1601478606086,30/09/2020 15:10:06,1601478605687,-4,30/09/2020 11:10:05,24435,9,questionnaire-t1fh,,7019993,117331,2030168,,complete,,,computer,Desktop or Laptop,Mac OS 10.14.6,Safari 13.1,1440x900,1328x745,Pass,Information-Sheet,2,Yes,Pass,Pass,,,One Talker,A,,No,END QUESTIONNAIRE,69453
1,1601478653206,30/09/2020 15:10:53,1601478653094,-4,30/09/2020 11:10:53,24435,9,questionnaire-t1fh,,7020035,115750,2030186,,complete,,,computer,Desktop or Laptop,Mac OS 10.15.5,Chrome 85.0.4183.121,1440x900,1440x726,Pass,Information-Sheet,2,Yes,Pass,Pass,,,One Talker,C,,No,BEGIN QUESTIONNAIRE,
2,1601478681566,30/09/2020 15:11:21,1601478681491,-4,30/09/2020 11:11:21,24435,9,questionnaire-t1fh,,7020035,115750,2030186,,complete,,,computer,Desktop or Laptop,Mac OS 10.15.5,Chrome 85.0.4183.121,1440x900,1440x726,Pass,Information-Sheet,2,Yes,Pass,Pass,,,One Talker,C,,No,consent,Yes
3,1601478681720,30/09/2020 15:11:21,1601478681492,-4,30/09/2020 11:11:21,24435,9,questionnaire-t1fh,,7020035,115750,2030186,,complete,,,computer,Desktop or Laptop,Mac OS 10.15.5,Chrome 85.0.4183.121,1440x900,1440x726,Pass,Information-Sheet,2,Yes,Pass,Pass,,,One Talker,C,,No,consent-quantised,1
4,1601478681720,30/09/2020 15:11:21,1601478681492,-4,30/09/2020 11:11:21,24435,9,questionnaire-t1fh,,7020035,115750,2030186,,complete,,,computer,Desktop or Laptop,Mac OS 10.15.5,Chrome 85.0.4183.121,1440x900,1440x726,Pass,Information-Sheet,2,Yes,Pass,Pass,,,One Talker,C,,No,END QUESTIONNAIRE,28398
1,1601478805469,30/09/2020 15:13:25,1601478807025,-4,30/09/2020 11:13:27,24435,9,questionnaire-t1fh,,7020092,122431,2030205,,complete,,,computer,Desktop or Laptop,Windows 10,Edge 85.0.564.51,1500x1000,1500x890,Pass,Information-Sheet,2,Yes,Pass,Pass,,,Two Talker,,D,No,BEGIN QUESTIONNAIRE,
2,1601478838619,30/09/2020 15:13:58,1601478840245,-4,30/09/2020 11:14:00,24435,9,questionnaire-t1fh,,7020092,122431,2030205,,complete,,,computer,Desktop or Laptop,Windows 10,Edge 85.0.564.51,1500x1000,1483x890,Pass,Information-Sheet,2,Yes,Pass,Pass,,,Two Talker,,D,No,consent,Yes
3,1601478838776,30/09/2020 15:13:58,1601478840247,-4,30/09/2020 11:14:00,24435,9,questionnaire-t1fh,,7020092,122431,2030205,,complete,,,computer,Desktop or Laptop,Windows 10,Edge 85.0.564.51,1500x1000,1483x890,Pass,Information-Sheet,2,Yes,Pass,Pass,,,Two Talker,,D,No,consent-quantised,1
4,1601478838776,30/09/2020 15:13:58,1601478840247,-4,30/09/2020 11:14:00,24435,9,questionnaire-t1fh,,7020092,122431,2030205,,complete,,,computer,Desktop or Laptop,Windows 10,Edge 85.0.564.51,1500x1000,1483x890,Pass,Information-Sheet,2,Yes,Pass,Pass,,,Two Talker,,D,No,END QUESTIONNAIRE,33222
1,1601488649520,30/09/2020 17:57:29,1601488648672,-4,30/09/2020 13:57:28,24435,9,questionnaire-t1fh,,7022385,114340,2030913,,complete,,,computer,Desktop or Laptop,Windows 10,Chrome 85.0.4183.121,1366x768,1366x625,Pass,Information-Sheet,2,Yes,Pass,Pass,,,One Talker,D,,No,BEGIN QUESTIONNAIRE,
2,1601488697166,30/09/2020 17:58:17,1601488696465,-4,30/09/2020 13:58:16,24435,9,questionnaire-t1fh,,7022385,114340,2030913,,complete,,,computer,Desktop or Laptop,Windows 10,Chrome 85.0.4183.121,1366x768,1349x625,Pass,Information-Sheet,2,Yes,Pass,Pass,,,One Talker,D,,No,consent,Yes
3,1601488697324,30/09/2020 17:58:17,1601488696468,-4,30/09/2020 13:58:16,24435,9,questionnaire-t1fh,,7022385,114340,2030913,,complete,,,computer,Desktop or Laptop,Windows 10,Chrome 85.0.4183.121,1366x768,1349x625,Pass,Information-Sheet,2,Yes,Pass,Pass,,,One Talker,D,,No,consent-quantised,1
4,1601488697324,30/09/2020 17:58:17,1601488696469,-4,30/09/2020 13:58:16,24435,9,questionnaire-t1fh,,7022385,114340,2030913,,complete,,,computer,Desktop or Laptop,Windows 10,Chrome 85.0.4183.121,1366x768,1349x625,Pass,Information-Sheet,2,Yes,Pass,Pass,,,One Talker,D,,No,END QUESTIONNAIRE,47797
1,1601492135532,30/09/2020 18:55:35,1601492135391,-4,30/09/2020 14:55:35,24435,9,questionnaire-t1fh,,7023198,118426,2031197,,complete,,,computer,Desktop or Laptop,Mac OS 10.15.6,Safari 13.1.2,1440x900,1285x721,Pass,Information-Sheet,2,Yes,Pass,Pass,,,One Talker,C,,No,BEGIN QUESTIONNAIRE,
2,1601492204959,30/09/2020 18:56:44,1601492204687,-4,30/09/2020 14:56:44,24435,9,questionnaire-t1fh,,7023198,118426,2031197,,complete,,,computer,Desktop or Laptop,Mac OS 10.15.6,Safari 13.1.2,1440x900,1285x721,Pass,Information-Sheet,2,Yes,Pass,Pass,,,One Talker,C,,No,consent,Yes
3,1601492205068,30/09/2020 18:56:45,1601492204689,-4,30/09/2020 14:56:44,24435,9,questionnaire-t1fh,,7023198,118426,2031197,,complete,,,computer,Desktop or Laptop,Mac OS 10.15.6,Safari 13.1.2,1440x900,1285x721,Pass,Information-Sheet,2,Yes,Pass,Pass,,,One Talker,C,,No,consent-quantised,1
4,1601492205068,30/09/2020 18:56:45,1601492204689,-4,30/09/2020 14:56:44,24435,9,questionnaire-t1fh,,7023198,118426,2031197,,complete,,,computer,Desktop or Laptop,Mac OS 10.15.6,Safari 13.1.2,1440x900,1285x721,Pass,Information-Sheet,2,Yes,Pass,Pass,,,One Talker,C,,No,END QUESTIONNAIRE,69298
1,1601493176433,30/09/2020 19:12:56,1601493176080,-4,30/09/2020 15:12:56,24435,9,questionnaire-t1fh,,7023471,120796,2031266,,complete,,,computer,Desktop or Laptop,Mac OS 10.15.6,Chrome 85.0.4183.121,1440x900,1236x695,Fail,Information-Sheet,2,Yes,Fail,,Fail,Fail,Two Talker,,B,No,BEGIN QUESTIONNAIRE,
2,1601493185095,30/09/2020 19:13:05,1601493184649,-4,30/09/2020 15:13:04,24435,9,questionnaire-t1fh,,7023471,120796,2031266,,complete,,,computer,Desktop or Laptop,Mac OS 10.15.6,Chrome 85.0.4183.121,1440x900,1236x695,Fail,Information-Sheet,2,Yes,Fail,,Fail,Fail,Two Talker,,B,No,consent,Yes
3,1601493185439,30/09/2020 19:13:05,1601493184651,-4,30/09/2020 15:13:04,24435,9,questionnaire-t1fh,,7023471,120796,2031266,,complete,,,computer,Desktop or Laptop,Mac OS 10.15.6,Chrome 85.0.4183.121,1440x900,1236x695,Fail,Information-Sheet,2,Yes,Fail,,Fail,Fail,Two Talker,,B,No,consent-quantised,1
4,1601493185439,30/09/2020 19:13:05,1601493184651,-4,30/09/2020 15:13:04,24435,9,questionnaire-t1fh,,7023471,120796,2031266,,complete,,,computer,Desktop or Laptop,Mac OS 10.15.6,Chrome 85.0.4183.121,1440x900,1236x695,Fail,Information-Sheet,2,Yes,Fail,,Fail,Fail,Two Talker,,B,No,END QUESTIONNAIRE,8571
1,1601508986400,30/09/2020 23:36:26,1601508986315,-4,30/09/2020 19:36:26,24435,9,questionnaire-t1fh,,7025631,113278,2031870,,complete,,,computer,Desktop or Laptop,Mac OS 10.13.6,Chrome 85.0.4183.121,1440x900,1440x687,Fail,Information-Sheet,2,Yes,Fail,,Fail,Fail,One Talker,B,,No,BEGIN QUESTIONNAIRE,
2,1601509078382,30/09/2020 23:37:58,1601509078321,-4,30/09/2020 19:37:58,24435,9,questionnaire-t1fh,,7025631,113278,2031870,,complete,,,computer,Desktop or Laptop,Mac OS 10.13.6,Chrome 85.0.4183.121,1440x900,1440x687,Fail,Information-Sheet,2,Yes,Fail,,Fail,Fail,One Talker,B,,No,consent,Yes
3,1601509078523,30/09/2020 23:37:58,1601509078324,-4,30/09/2020 19:37:58,24435,9,questionnaire-t1fh,,7025631,113278,2031870,,complete,,,computer,Desktop or Laptop,Mac OS 10.13.6,Chrome 85.0.4183.121,1440x900,1440x687,Fail,Information-Sheet,2,Yes,Fail,,Fail,Fail,One Talker,B,,No,consent-quantised,1
4,1601509078523,30/09/2020 23:37:58,1601509078324,-4,30/09/2020 19:37:58,24435,9,questionnaire-t1fh,,7025631,113278,2031870,,complete,,,computer,Desktop or Laptop,Mac OS 10.13.6,Chrome 85.0.4183.121,1440x900,1440x687,Fail,Information-Sheet,2,Yes,Fail,,Fail,Fail,One Talker,B,,No,END QUESTIONNAIRE,92009
1,1601567920137,01/10/2020 15:58:40,1601567919145,-4,01/10/2020 11:58:39,24435,9,questionnaire-t1fh,,7037446,113989,2035412,,complete,,,computer,Desktop or Laptop,Mac OS 10.15.2,Chrome 85.0.4183.121,1280x800,1280x721,Pass,Information-Sheet,2,Yes,Pass,Pass,,,Two Talker,,A,No,BEGIN QUESTIONNAIRE,
2,1601567926914,01/10/2020 15:58:46,1601567925950,-4,01/10/2020 11:58:45,24435,9,questionnaire-t1fh,,7037446,113989,2035412,,complete,,,computer,Desktop or Laptop,Mac OS 10.15.2,Chrome 85.0.4183.121,1280x800,1265x721,Pass,Information-Sheet,2,Yes,Pass,Pass,,,Two Talker,,A,No,consent,Yes
3,1601567927024,01/10/2020 15:58:47,1601567925951,-4,01/10/2020 11:58:45,24435,9,questionnaire-t1fh,,7037446,113989,2035412,,complete,,,computer,Desktop or Laptop,Mac OS 10.15.2,Chrome 85.0.4183.121,1280x800,1265x721,Pass,Information-Sheet,2,Yes,Pass,Pass,,,Two Talker,,A,No,consent-quantised,1
4,1601567927024,01/10/2020 15:58:47,1601567925951,-4,01/10/2020 11:58:45,24435,9,questionnaire-t1fh,,7037446,113989,2035412,,complete,,,computer,Desktop or Laptop,Mac OS 10.15.2,Chrome 85.0.4183.121,1280x800,1265x721,Pass,Information-Sheet,2,Yes,Pass,Pass,,,Two Talker,,A,No,END QUESTIONNAIRE,6807
1,1601679318636,02/10/2020 22:55:18,1601679318385,-4,02/10/2020 18:55:18,24435,9,questionnaire-t1fh,,7056141,121921,2042882,,complete,,,computer,Desktop or Laptop,Mac OS 10.15.6,Chrome 85.0.4183.121,1440x900,759x733,Pass,Information-Sheet,2,Yes,Pass,Pass,,,One Talker,A,,No,BEGIN QUESTIONNAIRE,
2,1601679327462,02/10/2020 22:55:27,1601679327335,-4,02/10/2020 18:55:27,24435,9,questionnaire-t1fh,,7056141,121921,2042882,,complete,,,computer,Desktop or Laptop,Mac OS 10.15.6,Chrome 85.0.4183.121,1440x900,759x733,Pass,Information-Sheet,2,Yes,Pass,Pass,,,One Talker,A,,No,consent,Yes
3,1601679327587,02/10/2020 22:55:27,1601679327337,-4,02/10/2020 18:55:27,24435,9,questionnaire-t1fh,,7056141,121921,2042882,,complete,,,computer,Desktop or Laptop,Mac OS 10.15.6,Chrome 85.0.4183.121,1440x900,759x733,Pass,Information-Sheet,2,Yes,Pass,Pass,,,One Talker,A,,No,consent-quantised,1
4,1601679327587,02/10/2020 22:55:27,1601679327338,-4,02/10/2020 18:55:27,24435,9,questionnaire-t1fh,,7056141,121921,2042882,,complete,,,computer,Desktop or Laptop,Mac OS 10.15.6,Chrome 85.0.4183.121,1440x900,759x733,Pass,Information-Sheet,2,Yes,Pass,Pass,,,One Talker,A,,No,END QUESTIONNAIRE,8953
1,1601688040571,03/10/2020 01:20:40,1601688040391,-4,02/10/2020 21:20:40,24435,9,questionnaire-t1fh,,7056462,114052,2043005,,complete,,,computer,Desktop or Laptop,Mac OS 10.15.6,Safari 14.0,1440x900,1268x717,Pass,Information-Sheet,2,Yes,Pass,Pass,,,Two Talker,,C,No,BEGIN QUESTIONNAIRE,
2,1601688062994,03/10/2020 01:21:02,1601688062870,-4,02/10/2020 21:21:02,24435,9,questionnaire-t1fh,,7056462,114052,2043005,,complete,,,computer,Desktop or Laptop,Mac OS 10.15.6,Safari 14.0,1440x900,1268x717,Pass,Information-Sheet,2,Yes,Pass,Pass,,,Two Talker,,C,No,consent,Yes
3,1601688063119,03/10/2020 01:21:03,1601688062872,-4,02/10/2020 21:21:02,24435,9,questionnaire-t1fh,,7056462,114052,2043005,,complete,,,computer,Desktop or Laptop,Mac OS 10.15.6,Safari 14.0,1440x900,1268x717,Pass,Information-Sheet,2,Yes,Pass,Pass,,,Two Talker,,C,No,consent-quantised,1
4,1601688063119,03/10/2020 01:21:03,1601688062872,-4,02/10/2020 21:21:02,24435,9,questionnaire-t1fh,,7056462,114052,2043005,,complete,,,computer,Desktop or Laptop,Mac OS 10.15.6,Safari 14.0,1440x900,1268x717,Pass,Information-Sheet,2,Yes,Pass,Pass,,,Two Talker,,C,No,END QUESTIONNAIRE,22481
1,1601841119913,04/10/2020 19:51:59,1601841119833,-4,04/10/2020 15:51:59,24435,9,questionnaire-t1fh,,7069548,117598,2047176,,complete,,,computer,Desktop or Laptop,Mac OS 10.14.6,Safari 14.0,1440x900,1440x837,Pass,Information-Sheet,2,Yes,Pass,Pass,,,One Talker,D,,No,BEGIN QUESTIONNAIRE,
2,1601841163488,04/10/2020 19:52:43,1601841163435,-4,04/10/2020 15:52:43,24435,9,questionnaire-t1fh,,7069548,117598,2047176,,complete,,,computer,Desktop or Laptop,Mac OS 10.14.6,Safari 14.0,1440x900,1440x837,Pass,Information-Sheet,2,Yes,Pass,Pass,,,One Talker,D,,No,consent,Yes
3,1601841163628,04/10/2020 19:52:43,1601841163437,-4,04/10/2020 15:52:43,24435,9,questionnaire-t1fh,,7069548,117598,2047176,,complete,,,computer,Desktop or Laptop,Mac OS 10.14.6,Safari 14.0,1440x900,1440x837,Pass,Information-Sheet,2,Yes,Pass,Pass,,,One Talker,D,,No,consent-quantised,1
4,1601841163628,04/10/2020 19:52:43,1601841163437,-4,04/10/2020 15:52:43,24435,9,questionnaire-t1fh,,7069548,117598,2047176,,complete,,,computer,Desktop or Laptop,Mac OS 10.14.6,Safari 14.0,1440x900,1440x837,Pass,Information-Sheet,2,Yes,Pass,Pass,,,One Talker,D,,No,END QUESTIONNAIRE,43604
1,1601903791215,05/10/2020 13:16:31,1601903790595,-4,05/10/2020 09:16:30,24435,9,questionnaire-t1fh,,7078456,117445,2050876,,complete,,,computer,Desktop or Laptop,Windows 10,Firefox 81.0,2048x1152,1234x1005,Pass,Information-Sheet,2,Yes,Pass,Pass,,,Two Talker,,A,No,BEGIN QUESTIONNAIRE,
2,1601903855462,05/10/2020 13:17:35,1601903854907,-4,05/10/2020 09:17:34,24435,9,questionnaire-t1fh,,7078456,117445,2050876,,complete,,,computer,Desktop or Laptop,Windows 10,Firefox 81.0,2048x1152,1234x1005,Pass,Information-Sheet,2,Yes,Pass,Pass,,,Two Talker,,A,No,consent,Yes
3,1601903855587,05/10/2020 13:17:35,1601903854910,-4,05/10/2020 09:17:34,24435,9,questionnaire-t1fh,,7078456,117445,2050876,,complete,,,computer,Desktop or Laptop,Windows 10,Firefox 81.0,2048x1152,1234x1005,Pass,Information-Sheet,2,Yes,Pass,Pass,,,Two Talker,,A,No,consent-quantised,1
4,1601903855587,05/10/2020 13:17:35,1601903854910,-4,05/10/2020 09:17:34,24435,9,questionnaire-t1fh,,7078456,117445,2050876,,complete,,,computer,Desktop or Laptop,Windows 10,Firefox 81.0,2048x1152,1234x1005,Pass,Information-Sheet,2,Yes,Pass,Pass,,,Two Talker,,A,No,END QUESTIONNAIRE,64315
1,1601918831037,05/10/2020 17:27:11,1601918835493,-4,05/10/2020 13:27:15,24435,9,questionnaire-t1fh,,7082136,122323,2052406,,complete,,,computer,Desktop or Laptop,Mac OS 10.14.6,Chrome 85.0.4183.121,1280x800,1280x721,Pass,Information-Sheet,2,Yes,Pass,Pass,,,One Talker,D,,No,BEGIN QUESTIONNAIRE,
2,1601919054666,05/10/2020 17:30:54,1601919059167,-4,05/10/2020 13:30:59,24435,9,questionnaire-t1fh,,7082136,122323,2052406,,complete,,,computer,Desktop or Laptop,Mac OS 10.14.6,Chrome 85.0.4183.121,1280x800,1280x721,Pass,Information-Sheet,2,Yes,Pass,Pass,,,One Talker,D,,No,consent,Yes
3,1601919054789,05/10/2020 17:30:54,1601919059168,-4,05/10/2020 13:30:59,24435,9,questionnaire-t1fh,,7082136,122323,2052406,,complete,,,computer,Desktop or Laptop,Mac OS 10.14.6,Chrome 85.0.4183.121,1280x800,1280x721,Pass,Information-Sheet,2,Yes,Pass,Pass,,,One Talker,D,,No,consent-quantised,1
4,1601919054789,05/10/2020 17:30:54,1601919059169,-4,05/10/2020 13:30:59,24435,9,questionnaire-t1fh,,7082136,122323,2052406,,complete,,,computer,Desktop or Laptop,Mac OS 10.14.6,Chrome 85.0.4183.121,1280x800,1280x721,Pass,Information-Sheet,2,Yes,Pass,Pass,,,One Talker,D,,No,END QUESTIONNAIRE,223676
1,1601946861874,06/10/2020 01:14:21,1601946861768,-4,05/10/2020 21:14:21,24435,9,questionnaire-t1fh,,7085691,115819,2053828,,complete,,,computer,Desktop or Laptop,Mac OS 10.15.6,Chrome 85.0.4183.102,1440x900,1440x821,Pass,Information-Sheet,2,Yes,Fail,Pass,Pass,,Two Talker,,B,No,BEGIN QUESTIONNAIRE,
2,1601946989232,06/10/2020 01:16:29,1601946989167,-4,05/10/2020 21:16:29,24435,9,questionnaire-t1fh,,7085691,115819,2053828,,complete,,,computer,Desktop or Laptop,Mac OS 10.15.6,Chrome 85.0.4183.102,1440x900,1440x821,Pass,Information-Sheet,2,Yes,Fail,Pass,Pass,,Two Talker,,B,No,consent,Yes
3,1601946989376,06/10/2020 01:16:29,1601946989169,-4,05/10/2020 21:16:29,24435,9,questionnaire-t1fh,,7085691,115819,2053828,,complete,,,computer,Desktop or Laptop,Mac OS 10.15.6,Chrome 85.0.4183.102,1440x900,1440x821,Pass,Information-Sheet,2,Yes,Fail,Pass,Pass,,Two Talker,,B,No,consent-quantised,1
4,1601946989376,06/10/2020 01:16:29,1601946989169,-4,05/10/2020 21:16:29,24435,9,questionnaire-t1fh,,7085691,115819,2053828,,complete,,,computer,Desktop or Laptop,Mac OS 10.15.6,Chrome 85.0.4183.102,1440x900,1440x821,Pass,Information-Sheet,2,Yes,Fail,Pass,Pass,,Two Talker,,B,No,END QUESTIONNAIRE,127401
1,1602101396238,07/10/2020 20:09:56,1602101396493,-4,07/10/2020 16:09:56,24435,9,questionnaire-t1fh,,7116852,117958,2066908,,complete,,,computer,Desktop or Laptop,Windows 10,Chrome 85.0.4183.121,1366x768,1366x657,Pass,Information-Sheet,2,Yes,Pass,Pass,,,Two Talker,,D,No,BEGIN QUESTIONNAIRE,
2,1602101454464,07/10/2020 20:10:54,1602101454805,-4,07/10/2020 16:10:54,24435,9,questionnaire-t1fh,,7116852,117958,2066908,,complete,,,computer,Desktop or Laptop,Windows 10,Chrome 85.0.4183.121,1366x768,1349x657,Pass,Information-Sheet,2,Yes,Pass,Pass,,,Two Talker,,D,No,consent,Yes
3,1602101454573,07/10/2020 20:10:54,1602101454808,-4,07/10/2020 16:10:54,24435,9,questionnaire-t1fh,,7116852,117958,2066908,,complete,,,computer,Desktop or Laptop,Windows 10,Chrome 85.0.4183.121,1366x768,1349x657,Pass,Information-Sheet,2,Yes,Pass,Pass,,,Two Talker,,D,No,consent-quantised,1
4,1602101454573,07/10/2020 20:10:54,1602101454808,-4,07/10/2020 16:10:54,24435,9,questionnaire-t1fh,,7116852,117958,2066908,,complete,,,computer,Desktop or Laptop,Windows 10,Chrome 85.0.4183.121,1366x768,1349x657,Pass,Information-Sheet,2,Yes,Pass,Pass,,,Two Talker,,D,No,END QUESTIONNAIRE,58315
1,1602179110258,08/10/2020 17:45:10,1602179108134,-4,08/10/2020 13:45:08,24435,9,questionnaire-t1fh,,7134273,116104,2074272,,complete,,,computer,Desktop or Laptop,Windows 10,Chrome 85.0.4183.121,1536x864,1536x722,Fail,Information-Sheet,2,Yes,Fail,,Fail,Fail,Two Talker,,B,No,BEGIN QUESTIONNAIRE,
2,1602179204175,08/10/2020 17:46:44,1602179202085,-4,08/10/2020 13:46:42,24435,9,questionnaire-t1fh,,7134273,116104,2074272,,complete,,,computer,Desktop or Laptop,Windows 10,Chrome 85.0.4183.121,1536x864,1519x722,Fail,Information-Sheet,2,Yes,Fail,,Fail,Fail,Two Talker,,B,No,consent,Yes
3,1602179204284,08/10/2020 17:46:44,1602179202087,-4,08/10/2020 13:46:42,24435,9,questionnaire-t1fh,,7134273,116104,2074272,,complete,,,computer,Desktop or Laptop,Windows 10,Chrome 85.0.4183.121,1536x864,1519x722,Fail,Information-Sheet,2,Yes,Fail,,Fail,Fail,Two Talker,,B,No,consent-quantised,1
4,1602179204284,08/10/2020 17:46:44,1602179202087,-4,08/10/2020 13:46:42,24435,9,questionnaire-t1fh,,7134273,116104,2074272,,complete,,,computer,Desktop or Laptop,Windows 10,Chrome 85.0.4183.121,1536x864,1519x722,Fail,Information-Sheet,2,Yes,Fail,,Fail,Fail,Two Talker,,B,No,END QUESTIONNAIRE,93953
1,1602207728988,09/10/2020 01:42:08,1602207728739,-4,08/10/2020 21:42:08,24435,9,questionnaire-t1fh,,7138607,117217,2075454,,complete,,,computer,Desktop or Laptop,Mac OS 10.15.5,Safari 13.1.1,1440x900,1440x837,Pass,Information-Sheet,2,Yes,Pass,Pass,,,One Talker,B,,No,BEGIN QUESTIONNAIRE,
2,1602207854844,09/10/2020 01:44:14,1602207854686,-4,08/10/2020 21:44:14,24435,9,questionnaire-t1fh,,7138607,117217,2075454,,complete,,,computer,Desktop or Laptop,Mac OS 10.15.5,Safari 13.1.1,1440x900,1440x837,Pass,Information-Sheet,2,Yes,Pass,Pass,,,One Talker,B,,No,consent,Yes
3,1602207854969,09/10/2020 01:44:14,1602207854687,-4,08/10/2020 21:44:14,24435,9,questionnaire-t1fh,,7138607,117217,2075454,,complete,,,computer,Desktop or Laptop,Mac OS 10.15.5,Safari 13.1.1,1440x900,1440x837,Pass,Information-Sheet,2,Yes,Pass,Pass,,,One Talker,B,,No,consent-quantised,1
4,1602207854969,09/10/2020 01:44:14,1602207854687,-4,08/10/2020 21:44:14,24435,9,questionnaire-t1fh,,7138607,117217,2075454,,complete,,,computer,Desktop or Laptop,Mac OS 10.15.5,Safari 13.1.1,1440x900,1440x837,Pass,Information-Sheet,2,Yes,Pass,Pass,,,One Talker,B,,No,END QUESTIONNAIRE,125948
1,1602250071352,09/10/2020 13:27:51,1602250071193,-4,09/10/2020 09:27:51,24435,9,questionnaire-t1fh,,7143551,117955,2077651,,complete,,,computer,Desktop or Laptop,Windows 10,Chrome 85.0.4183.121,1600x900,1600x757,Pass,Information-Sheet,2,Yes,Fail,Pass,Pass,,Two Talker,,C,No,BEGIN QUESTIONNAIRE,
2,1602250107718,09/10/2020 13:28:27,1602250107640,-4,09/10/2020 09:28:27,24435,9,questionnaire-t1fh,,7143551,117955,2077651,,complete,,,computer,Desktop or Laptop,Windows 10,Chrome 85.0.4183.121,1600x900,1583x757,Pass,Information-Sheet,2,Yes,Fail,Pass,Pass,,Two Talker,,C,No,consent,Yes
3,1602250107859,09/10/2020 13:28:27,1602250107641,-4,09/10/2020 09:28:27,24435,9,questionnaire-t1fh,,7143551,117955,2077651,,complete,,,computer,Desktop or Laptop,Windows 10,Chrome 85.0.4183.121,1600x900,1583x757,Pass,Information-Sheet,2,Yes,Fail,Pass,Pass,,Two Talker,,C,No,consent-quantised,1
4,1602250107859,09/10/2020 13:28:27,1602250107642,-4,09/10/2020 09:28:27,24435,9,questionnaire-t1fh,,7143551,117955,2077651,,complete,,,computer,Desktop or Laptop,Windows 10,Chrome 85.0.4183.121,1600x900,1583x757,Pass,Information-Sheet,2,Yes,Fail,Pass,Pass,,Two Talker,,C,No,END QUESTIONNAIRE,36449
1,1602266533501,09/10/2020 18:02:13,1602266533393,-4,09/10/2020 14:02:13,24435,9,questionnaire-t1fh,,7147634,118252,2079279,,complete,,,computer,Desktop or Laptop,Mac OS 10.13.6,Chrome 85.0.4183.121,1440x900,1440x736,Pass,Information-Sheet,2,Yes,Pass,Pass,,,Two Talker,,A,No,BEGIN QUESTIONNAIRE,
2,1602266646619,09/10/2020 18:04:06,1602266646561,-4,09/10/2020 14:04:06,24435,9,questionnaire-t1fh,,7147634,118252,2079279,,complete,,,computer,Desktop or Laptop,Mac OS 10.13.6,Chrome 85.0.4183.121,1440x900,1440x736,Pass,Information-Sheet,2,Yes,Pass,Pass,,,Two Talker,,A,No,consent,Yes
3,1602266646745,09/10/2020 18:04:06,1602266646563,-4,09/10/2020 14:04:06,24435,9,questionnaire-t1fh,,7147634,118252,2079279,,complete,,,computer,Desktop or Laptop,Mac OS 10.13.6,Chrome 85.0.4183.121,1440x900,1440x736,Pass,Information-Sheet,2,Yes,Pass,Pass,,,Two Talker,,A,No,consent-quantised,1
4,1602266646745,09/10/2020 18:04:06,1602266646563,-4,09/10/2020 14:04:06,24435,9,questionnaire-t1fh,,7147634,118252,2079279,,complete,,,computer,Desktop or Laptop,Mac OS 10.13.6,Chrome 85.0.4183.121,1440x900,1440x736,Pass,Information-Sheet,2,Yes,Pass,Pass,,,Two Talker,,A,No,END QUESTIONNAIRE,113170
1,1602463432452,12/10/2020 00:43:52,1602463436521,-4,11/10/2020 20:43:56,24435,9,questionnaire-t1fh,,7177036,122494,2087003,,complete,,,computer,Desktop or Laptop,Mac OS 10.15.4,Safari 13.1,1440x900,1440x837,Pass,Information-Sheet,2,Yes,Pass,Pass,,,One Talker,D,,No,BEGIN QUESTIONNAIRE,
2,1602463477759,12/10/2020 00:44:37,1602463481845,-4,11/10/2020 20:44:41,24435,9,questionnaire-t1fh,,7177036,122494,2087003,,complete,,,computer,Desktop or Laptop,Mac OS 10.15.4,Safari 13.1,1440x900,1440x837,Pass,Information-Sheet,2,Yes,Pass,Pass,,,One Talker,D,,No,consent,Yes
3,1602463477852,12/10/2020 00:44:37,1602463481847,-4,11/10/2020 20:44:41,24435,9,questionnaire-t1fh,,7177036,122494,2087003,,complete,,,computer,Desktop or Laptop,Mac OS 10.15.4,Safari 13.1,1440x900,1440x837,Pass,Information-Sheet,2,Yes,Pass,Pass,,,One Talker,D,,No,consent-quantised,1
4,1602463477852,12/10/2020 00:44:37,1602463481847,-4,11/10/2020 20:44:41,24435,9,questionnaire-t1fh,,7177036,122494,2087003,,complete,,,computer,Desktop or Laptop,Mac OS 10.15.4,Safari 13.1,1440x900,1440x837,Pass,Information-Sheet,2,Yes,Pass,Pass,,,One Talker,D,,No,END QUESTIONNAIRE,45326
1,1602602619971,13/10/2020 15:23:39,1602602619530,-4,13/10/2020 11:23:39,24435,9,questionnaire-t1fh,,7207216,118639,2100685,,complete,,,computer,Desktop or Laptop,Windows 10,Chrome 85.0.4183.121,1536x864,1536x722,Pass,Information-Sheet,2,Yes,Pass,Pass,,,Two Talker,,C,No,BEGIN QUESTIONNAIRE,
2,1602602627737,13/10/2020 15:23:47,1602602627350,-4,13/10/2020 11:23:47,24435,9,questionnaire-t1fh,,7207216,118639,2100685,,complete,,,computer,Desktop or Laptop,Windows 10,Chrome 85.0.4183.121,1536x864,1519x722,Pass,Information-Sheet,2,Yes,Pass,Pass,,,Two Talker,,C,No,consent,Yes
3,1602602628033,13/10/2020 15:23:48,1602602627352,-4,13/10/2020 11:23:47,24435,9,questionnaire-t1fh,,7207216,118639,2100685,,complete,,,computer,Desktop or Laptop,Windows 10,Chrome 85.0.4183.121,1536x864,1519x722,Pass,Information-Sheet,2,Yes,Pass,Pass,,,Two Talker,,C,No,consent-quantised,1
4,1602602628033,13/10/2020 15:23:48,1602602627352,-4,13/10/2020 11:23:47,24435,9,questionnaire-t1fh,,7207216,118639,2100685,,complete,,,computer,Desktop or Laptop,Windows 10,Chrome 85.0.4183.121,1536x864,1519x722,Pass,Information-Sheet,2,Yes,Pass,Pass,,,Two Talker,,C,No,END QUESTIONNAIRE,7822
1,1602690992328,14/10/2020 15:56:32,1602690991989,-4,14/10/2020 11:56:31,24435,9,questionnaire-t1fh,,7237608,120847,2110482,,complete,,,computer,Desktop or Laptop,Mac OS 10.13.6,Chrome 86.0.4240.75,1440x900,1303x710,Pass,Information-Sheet,2,Yes,Pass,Pass,,,One Talker,D,,No,BEGIN QUESTIONNAIRE,
2,1602691000745,14/10/2020 15:56:40,1602691000661,-4,14/10/2020 11:56:40,24435,9,questionnaire-t1fh,,7237608,120847,2110482,,complete,,,computer,Desktop or Laptop,Mac OS 10.13.6,Chrome 86.0.4240.75,1440x900,1303x710,Pass,Information-Sheet,2,Yes,Pass,Pass,,,One Talker,D,,No,consent,Yes
3,1602691000856,14/10/2020 15:56:40,1602691000664,-4,14/10/2020 11:56:40,24435,9,questionnaire-t1fh,,7237608,120847,2110482,,complete,,,computer,Desktop or Laptop,Mac OS 10.13.6,Chrome 86.0.4240.75,1440x900,1303x710,Pass,Information-Sheet,2,Yes,Pass,Pass,,,One Talker,D,,No,consent-quantised,1
4,1602691000856,14/10/2020 15:56:40,1602691000664,-4,14/10/2020 11:56:40,24435,9,questionnaire-t1fh,,7237608,120847,2110482,,complete,,,computer,Desktop or Laptop,Mac OS 10.13.6,Chrome 86.0.4240.75,1440x900,1303x710,Pass,Information-Sheet,2,Yes,Pass,Pass,,,One Talker,D,,No,END QUESTIONNAIRE,8675
1,1602786102339,15/10/2020 18:21:42,1602786102135,-4,15/10/2020 14:21:42,24435,9,questionnaire-t1fh,,7262316,117142,2118802,,complete,,,computer,Desktop or Laptop,Mac OS 10.15.5,Chrome 85.0.4183.121,1440x900,1440x725,Fail,Information-Sheet,2,Yes,Fail,,Fail,Fail,Two Talker,,B,No,BEGIN QUESTIONNAIRE,
2,1602786106012,15/10/2020 18:21:46,1602786105735,-4,15/10/2020 14:21:45,24435,9,questionnaire-t1fh,,7262316,117142,2118802,,complete,,,computer,Desktop or Laptop,Mac OS 10.15.5,Chrome 85.0.4183.121,1440x900,1440x725,Fail,Information-Sheet,2,Yes,Fail,,Fail,Fail,Two Talker,,B,No,consent,Yes
3,1602786107449,15/10/2020 18:21:47,1602786105736,-4,15/10/2020 14:21:45,24435,9,questionnaire-t1fh,,7262316,117142,2118802,,complete,,,computer,Desktop or Laptop,Mac OS 10.15.5,Chrome 85.0.4183.121,1440x900,1440x725,Fail,Information-Sheet,2,Yes,Fail,,Fail,Fail,Two Talker,,B,No,consent-quantised,1
4,1602786107449,15/10/2020 18:21:47,1602786105736,-4,15/10/2020 14:21:45,24435,9,questionnaire-t1fh,,7262316,117142,2118802,,complete,,,computer,Desktop or Laptop,Mac OS 10.15.5,Chrome 85.0.4183.121,1440x900,1440x725,Fail,Information-Sheet,2,Yes,Fail,,Fail,Fail,Two Talker,,B,No,END QUESTIONNAIRE,3601
1,1602790107656,15/10/2020 19:28:27,1602790107560,-4,15/10/2020 15:28:27,24435,9,questionnaire-t1fh,,7263006,117982,2119028,,complete,,,computer,Desktop or Laptop,Mac OS 10.15.5,Safari 13.1.1,1440x900,1440x837,Pass,Information-Sheet,2,Yes,Pass,Pass,,,Two Talker,,A,No,BEGIN QUESTIONNAIRE,
2,1602790184851,15/10/2020 19:29:44,1602790184807,-4,15/10/2020 15:29:44,24435,9,questionnaire-t1fh,,7263006,117982,2119028,,complete,,,computer,Desktop or Laptop,Mac OS 10.15.5,Safari 13.1.1,1440x900,1440x837,Pass,Information-Sheet,2,Yes,Pass,Pass,,,Two Talker,,A,No,consent,Yes
3,1602790184992,15/10/2020 19:29:44,1602790184809,-4,15/10/2020 15:29:44,24435,9,questionnaire-t1fh,,7263006,117982,2119028,,complete,,,computer,Desktop or Laptop,Mac OS 10.15.5,Safari 13.1.1,1440x900,1440x837,Pass,Information-Sheet,2,Yes,Pass,Pass,,,Two Talker,,A,No,consent-quantised,1
4,1602790184992,15/10/2020 19:29:44,1602790184809,-4,15/10/2020 15:29:44,24435,9,questionnaire-t1fh,,7263006,117982,2119028,,complete,,,computer,Desktop or Laptop,Mac OS 10.15.5,Safari 13.1.1,1440x900,1440x837,Pass,Information-Sheet,2,Yes,Pass,Pass,,,Two Talker,,A,No,END QUESTIONNAIRE,77250
1,1602806273970,15/10/2020 23:57:53,1602806273248,-4,15/10/2020 19:57:53,24435,9,questionnaire-t1fh,,7265162,117028,2119630,,complete,,,computer,Desktop or Laptop,Mac OS 10.15.6,Safari 14.0,1680x1050,876x870,Pass,Information-Sheet,2,Yes,Pass,Pass,,,One Talker,C,,No,BEGIN QUESTIONNAIRE,
2,1602806279201,15/10/2020 23:57:59,1602806278515,-4,15/10/2020 19:57:58,24435,9,questionnaire-t1fh,,7265162,117028,2119630,,complete,,,computer,Desktop or Laptop,Mac OS 10.15.6,Safari 14.0,1680x1050,876x870,Pass,Information-Sheet,2,Yes,Pass,Pass,,,One Talker,C,,No,consent,Yes
3,1602806279341,15/10/2020 23:57:59,1602806278517,-4,15/10/2020 19:57:58,24435,9,questionnaire-t1fh,,7265162,117028,2119630,,complete,,,computer,Desktop or Laptop,Mac OS 10.15.6,Safari 14.0,1680x1050,876x870,Pass,Information-Sheet,2,Yes,Pass,Pass,,,One Talker,C,,No,consent-quantised,1
4,1602806279341,15/10/2020 23:57:59,1602806278517,-4,15/10/2020 19:57:58,24435,9,questionnaire-t1fh,,7265162,117028,2119630,,complete,,,computer,Desktop or Laptop,Mac OS 10.15.6,Safari 14.0,1680x1050,876x870,Pass,Information-Sheet,2,Yes,Pass,Pass,,,One Talker,C,,No,END QUESTIONNAIRE,5269
1,1602814057389,16/10/2020 02:07:37,1602814057250,-4,15/10/2020 22:07:37,24435,9,questionnaire-t1fh,,7265521,114091,2119748,,complete,,,computer,Desktop or Laptop,Mac OS 10.14.6,Safari 14.0,1440x900,1440x837,Fail,Information-Sheet,2,Yes,Fail,,Fail,Fail,Two Talker,,B,No,BEGIN QUESTIONNAIRE,
2,1602814078826,16/10/2020 02:07:58,1602814078767,-4,15/10/2020 22:07:58,24435,9,questionnaire-t1fh,,7265521,114091,2119748,,complete,,,computer,Desktop or Laptop,Mac OS 10.14.6,Safari 14.0,1440x900,1440x837,Fail,Information-Sheet,2,Yes,Fail,,Fail,Fail,Two Talker,,B,No,consent,Yes
3,1602814078982,16/10/2020 02:07:58,1602814078769,-4,15/10/2020 22:07:58,24435,9,questionnaire-t1fh,,7265521,114091,2119748,,complete,,,computer,Desktop or Laptop,Mac OS 10.14.6,Safari 14.0,1440x900,1440x837,Fail,Information-Sheet,2,Yes,Fail,,Fail,Fail,Two Talker,,B,No,consent-quantised,1
4,1602814078982,16/10/2020 02:07:58,1602814078769,-4,15/10/2020 22:07:58,24435,9,questionnaire-t1fh,,7265521,114091,2119748,,complete,,,computer,Desktop or Laptop,Mac OS 10.14.6,Safari 14.0,1440x900,1440x837,Fail,Information-Sheet,2,Yes,Fail,,Fail,Fail,Two Talker,,B,No,END QUESTIONNAIRE,21519
1,1602876846997,16/10/2020 19:34:06,1602876848242,-4,16/10/2020 15:34:08,24435,9,questionnaire-t1fh,,7280793,113578,2124302,,complete,,,computer,Desktop or Laptop,Windows 10,Chrome 86.0.4240.75,1504x1003,1504x892,Pass,Information-Sheet,2,Yes,Fail,Pass,Pass,,One Talker,A,,No,BEGIN QUESTIONNAIRE,
2,1602876941953,16/10/2020 19:35:41,1602876943247,-4,16/10/2020 15:35:43,24435,9,questionnaire-t1fh,,7280793,113578,2124302,,complete,,,computer,Desktop or Laptop,Windows 10,Chrome 86.0.4240.75,1504x1003,1487x892,Pass,Information-Sheet,2,Yes,Fail,Pass,Pass,,One Talker,A,,No,consent,Yes
3,1602876942063,16/10/2020 19:35:42,1602876943250,-4,16/10/2020 15:35:43,24435,9,questionnaire-t1fh,,7280793,113578,2124302,,complete,,,computer,Desktop or Laptop,Windows 10,Chrome 86.0.4240.75,1504x1003,1487x892,Pass,Information-Sheet,2,Yes,Fail,Pass,Pass,,One Talker,A,,No,consent-quantised,1
4,1602876942063,16/10/2020 19:35:42,1602876943250,-4,16/10/2020 15:35:43,24435,9,questionnaire-t1fh,,7280793,113578,2124302,,complete,,,computer,Desktop or Laptop,Windows 10,Chrome 86.0.4240.75,1504x1003,1487x892,Pass,Information-Sheet,2,Yes,Fail,Pass,Pass,,One Talker,A,,No,END QUESTIONNAIRE,95008
1,1602978055828,17/10/2020 23:40:55,1602978055500,-4,17/10/2020 19:40:55,24435,9,questionnaire-t1fh,,7292562,118075,2127550,,complete,,,computer,Desktop or Laptop,Mac OS 10.15.7,Chrome 86.0.4240.80,1440x900,1440x821,Pass,Information-Sheet,2,Yes,Fail,Pass,Pass,,Two Talker,,C,No,BEGIN QUESTIONNAIRE,
2,1602978110636,17/10/2020 23:41:50,1602978110546,-4,17/10/2020 19:41:50,24435,9,questionnaire-t1fh,,7292562,118075,2127550,,complete,,,computer,Desktop or Laptop,Mac OS 10.15.7,Chrome 86.0.4240.80,1440x900,1440x821,Pass,Information-Sheet,2,Yes,Fail,Pass,Pass,,Two Talker,,C,No,consent,Yes
3,1602978110761,17/10/2020 23:41:50,1602978110548,-4,17/10/2020 19:41:50,24435,9,questionnaire-t1fh,,7292562,118075,2127550,,complete,,,computer,Desktop or Laptop,Mac OS 10.15.7,Chrome 86.0.4240.80,1440x900,1440x821,Pass,Information-Sheet,2,Yes,Fail,Pass,Pass,,Two Talker,,C,No,consent-quantised,1
4,1602978110761,17/10/2020 23:41:50,1602978110548,-4,17/10/2020 19:41:50,24435,9,questionnaire-t1fh,,7292562,118075,2127550,,complete,,,computer,Desktop or Laptop,Mac OS 10.15.7,Chrome 86.0.4240.80,1440x900,1440x821,Pass,Information-Sheet,2,Yes,Fail,Pass,Pass,,Two Talker,,C,No,END QUESTIONNAIRE,55048
1,1603058419685,18/10/2020 22:00:19,1603058418544,-4,18/10/2020 18:00:18,24435,9,questionnaire-t1fh,,7301326,116176,2130206,,complete,,,computer,Desktop or Laptop,Chromium OS 13310.93.0,Chrome 85.0.4183.133,1366x768,1366x617,Pass,Information-Sheet,2,Yes,Fail,Pass,Pass,,One Talker,D,,No,BEGIN QUESTIONNAIRE,
2,1603058476501,18/10/2020 22:01:16,1603058475428,-4,18/10/2020 18:01:15,24435,9,questionnaire-t1fh,,7301326,116176,2130206,,complete,,,computer,Desktop or Laptop,Chromium OS 13310.93.0,Chrome 85.0.4183.133,1366x768,1366x617,Pass,Information-Sheet,2,Yes,Fail,Pass,Pass,,One Talker,D,,No,consent,Yes
3,1603058476719,18/10/2020 22:01:16,1603058475433,-4,18/10/2020 18:01:15,24435,9,questionnaire-t1fh,,7301326,116176,2130206,,complete,,,computer,Desktop or Laptop,Chromium OS 13310.93.0,Chrome 85.0.4183.133,1366x768,1366x617,Pass,Information-Sheet,2,Yes,Fail,Pass,Pass,,One Talker,D,,No,consent-quantised,1
4,1603058476719,18/10/2020 22:01:16,1603058475434,-4,18/10/2020 18:01:15,24435,9,questionnaire-t1fh,,7301326,116176,2130206,,complete,,,computer,Desktop or Laptop,Chromium OS 13310.93.0,Chrome 85.0.4183.133,1366x768,1366x617,Pass,Information-Sheet,2,Yes,Fail,Pass,Pass,,One Talker,D,,No,END QUESTIONNAIRE,56890
1,1603062914883,18/10/2020 23:15:14,1603062914805,-4,18/10/2020 19:15:14,24435,9,questionnaire-t1fh,,7301656,118636,2130281,,complete,,,computer,Desktop or Laptop,Mac OS 10.15.7,Safari 13.1.3,1440x900,1440x837,Pass,Information-Sheet,2,Yes,Pass,Pass,,,Two Talker,,D,No,BEGIN QUESTIONNAIRE,
2,1603062994302,18/10/2020 23:16:34,1603062993931,-4,18/10/2020 19:16:33,24435,9,questionnaire-t1fh,,7301656,118636,2130281,,complete,,,computer,Desktop or Laptop,Mac OS 10.15.7,Safari 13.1.3,1440x900,1440x837,Pass,Information-Sheet,2,Yes,Pass,Pass,,,Two Talker,,D,No,consent,Yes
3,1603062994440,18/10/2020 23:16:34,1603062993933,-4,18/10/2020 19:16:33,24435,9,questionnaire-t1fh,,7301656,118636,2130281,,complete,,,computer,Desktop or Laptop,Mac OS 10.15.7,Safari 13.1.3,1440x900,1440x837,Pass,Information-Sheet,2,Yes,Pass,Pass,,,Two Talker,,D,No,consent-quantised,1
4,1603062994440,18/10/2020 23:16:34,1603062993933,-4,18/10/2020 19:16:33,24435,9,questionnaire-t1fh,,7301656,118636,2130281,,complete,,,computer,Desktop or Laptop,Mac OS 10.15.7,Safari 13.1.3,1440x900,1440x837,Pass,Information-Sheet,2,Yes,Pass,Pass,,,Two Talker,,D,No,END QUESTIONNAIRE,79129
1,1603072563502,19/10/2020 01:56:03,1603072562527,-4,18/10/2020 21:56:02,24435,9,questionnaire-t1fh,,7302263,117103,2130471,,complete,,,computer,Desktop or Laptop,Mac OS 10.12.6,Chrome 84.0.4147.135,1440x900,1440x821,Pass,Information-Sheet,2,Yes,Pass,Pass,,,One Talker,B,,No,BEGIN QUESTIONNAIRE,
2,1603072640767,19/10/2020 01:57:20,1603072639824,-4,18/10/2020 21:57:19,24435,9,questionnaire-t1fh,,7302263,117103,2130471,,complete,,,computer,Desktop or Laptop,Mac OS 10.12.6,Chrome 84.0.4147.135,1440x900,1440x821,Pass,Information-Sheet,2,Yes,Pass,Pass,,,One Talker,B,,No,consent,Yes
3,1603072640907,19/10/2020 01:57:20,1603072639826,-4,18/10/2020 21:57:19,24435,9,questionnaire-t1fh,,7302263,117103,2130471,,complete,,,computer,Desktop or Laptop,Mac OS 10.12.6,Chrome 84.0.4147.135,1440x900,1440x821,Pass,Information-Sheet,2,Yes,Pass,Pass,,,One Talker,B,,No,consent-quantised,1
4,1603072640907,19/10/2020 01:57:20,1603072639826,-4,18/10/2020 21:57:19,24435,9,questionnaire-t1fh,,7302263,117103,2130471,,complete,,,computer,Desktop or Laptop,Mac OS 10.12.6,Chrome 84.0.4147.135,1440x900,1440x821,Pass,Information-Sheet,2,Yes,Pass,Pass,,,One Talker,B,,No,END QUESTIONNAIRE,77299
1,1603117204191,19/10/2020 14:20:04,1603117204090,-4,19/10/2020 10:20:04,24435,9,questionnaire-t1fh,,7314029,117475,2134303,,complete,,,computer,Desktop or Laptop,Mac OS 10.14.6,Chrome 85.0.4183.102,1440x900,1284x742,Fail,Information-Sheet,2,Yes,Fail,,Fail,Fail,One Talker,D,,No,BEGIN QUESTIONNAIRE,
2,1603117213442,19/10/2020 14:20:13,1603117213355,-4,19/10/2020 10:20:13,24435,9,questionnaire-t1fh,,7314029,117475,2134303,,complete,,,computer,Desktop or Laptop,Mac OS 10.14.6,Chrome 85.0.4183.102,1440x900,1284x742,Fail,Information-Sheet,2,Yes,Fail,,Fail,Fail,One Talker,D,,No,consent,Yes
3,1603117213552,19/10/2020 14:20:13,1603117213357,-4,19/10/2020 10:20:13,24435,9,questionnaire-t1fh,,7314029,117475,2134303,,complete,,,computer,Desktop or Laptop,Mac OS 10.14.6,Chrome 85.0.4183.102,1440x900,1284x742,Fail,Information-Sheet,2,Yes,Fail,,Fail,Fail,One Talker,D,,No,consent-quantised,1
4,1603117213552,19/10/2020 14:20:13,1603117213357,-4,19/10/2020 10:20:13,24435,9,questionnaire-t1fh,,7314029,117475,2134303,,complete,,,computer,Desktop or Laptop,Mac OS 10.14.6,Chrome 85.0.4183.102,1440x900,1284x742,Fail,Information-Sheet,2,Yes,Fail,,Fail,Fail,One Talker,D,,No,END QUESTIONNAIRE,9268
1,1603129954141,19/10/2020 17:52:34,1603129953890,-4,19/10/2020 13:52:33,24435,9,questionnaire-t1fh,,7320004,117052,2135979,,complete,,,computer,Desktop or Laptop,Mac OS 10.15.7,Safari 14.0,1440x900,1402x754,Fail,Information-Sheet,2,Yes,Fail,,Fail,Fail,Two Talker,,D,No,BEGIN QUESTIONNAIRE,
2,1603129969035,19/10/2020 17:52:49,1603129968858,-4,19/10/2020 13:52:48,24435,9,questionnaire-t1fh,,7320004,117052,2135979,,complete,,,computer,Desktop or Laptop,Mac OS 10.15.7,Safari 14.0,1440x900,1402x754,Fail,Information-Sheet,2,Yes,Fail,,Fail,Fail,Two Talker,,D,No,consent,Yes
3,1603129969269,19/10/2020 17:52:49,1603129968860,-4,19/10/2020 13:52:48,24435,9,questionnaire-t1fh,,7320004,117052,2135979,,complete,,,computer,Desktop or Laptop,Mac OS 10.15.7,Safari 14.0,1440x900,1402x754,Fail,Information-Sheet,2,Yes,Fail,,Fail,Fail,Two Talker,,D,No,consent-quantised,1
4,1603129969269,19/10/2020 17:52:49,1603129968860,-4,19/10/2020 13:52:48,24435,9,questionnaire-t1fh,,7320004,117052,2135979,,complete,,,computer,Desktop or Laptop,Mac OS 10.15.7,Safari 14.0,1440x900,1402x754,Fail,Information-Sheet,2,Yes,Fail,,Fail,Fail,Two Talker,,D,No,END QUESTIONNAIRE,14970
1,1603132427864,19/10/2020 18:33:47,1603132438342,-4,19/10/2020 14:33:58,24435,9,questionnaire-t1fh,,7320917,115531,2136247,,complete,,,computer,Desktop or Laptop,Mac OS 10.12.6,Chrome 85.0.4183.83,1440x900,1420x698,Pass,Information-Sheet,2,Yes,Pass,Pass,,,Two Talker,,C,No,BEGIN QUESTIONNAIRE,
2,1603132439522,19/10/2020 18:33:59,1603132450023,-4,19/10/2020 14:34:10,24435,9,questionnaire-t1fh,,7320917,115531,2136247,,complete,,,computer,Desktop or Laptop,Mac OS 10.12.6,Chrome 85.0.4183.83,1440x900,1420x698,Pass,Information-Sheet,2,Yes,Pass,Pass,,,Two Talker,,C,No,consent,Yes
3,1603132439756,19/10/2020 18:33:59,1603132450025,-4,19/10/2020 14:34:10,24435,9,questionnaire-t1fh,,7320917,115531,2136247,,complete,,,computer,Desktop or Laptop,Mac OS 10.12.6,Chrome 85.0.4183.83,1440x900,1420x698,Pass,Information-Sheet,2,Yes,Pass,Pass,,,Two Talker,,C,No,consent-quantised,1
4,1603132439756,19/10/2020 18:33:59,1603132450025,-4,19/10/2020 14:34:10,24435,9,questionnaire-t1fh,,7320917,115531,2136247,,complete,,,computer,Desktop or Laptop,Mac OS 10.12.6,Chrome 85.0.4183.83,1440x900,1420x698,Pass,Information-Sheet,2,Yes,Pass,Pass,,,Two Talker,,C,No,END QUESTIONNAIRE,11683
1,1603215265182,20/10/2020 17:34:25,1603215265664,-4,20/10/2020 13:34:25,24435,9,questionnaire-t1fh,,7341564,114166,2142781,,complete,,,computer,Desktop or Laptop,Windows 10,Chrome 86.0.4240.75,1920x1080,1920x937,Pass,Information-Sheet,2,Yes,Pass,Pass,,,Two Talker,,A,No,BEGIN QUESTIONNAIRE,
2,1603215273229,20/10/2020 17:34:33,1603215273758,-4,20/10/2020 13:34:33,24435,9,questionnaire-t1fh,,7341564,114166,2142781,,complete,,,computer,Desktop or Laptop,Windows 10,Chrome 86.0.4240.75,1920x1080,1903x937,Pass,Information-Sheet,2,Yes,Pass,Pass,,,Two Talker,,A,No,consent,Yes
3,1603215273370,20/10/2020 17:34:33,1603215273762,-4,20/10/2020 13:34:33,24435,9,questionnaire-t1fh,,7341564,114166,2142781,,complete,,,computer,Desktop or Laptop,Windows 10,Chrome 86.0.4240.75,1920x1080,1903x937,Pass,Information-Sheet,2,Yes,Pass,Pass,,,Two Talker,,A,No,consent-quantised,1
4,1603215273370,20/10/2020 17:34:33,1603215273762,-4,20/10/2020 13:34:33,24435,9,questionnaire-t1fh,,7341564,114166,2142781,,complete,,,computer,Desktop or Laptop,Windows 10,Chrome 86.0.4240.75,1920x1080,1903x937,Pass,Information-Sheet,2,Yes,Pass,Pass,,,Two Talker,,A,No,END QUESTIONNAIRE,8098
1,1603216212191,20/10/2020 17:50:12,1603216212115,-4,20/10/2020 13:50:12,24435,9,questionnaire-t1fh,,7341816,117937,2142874,,complete,,,computer,Desktop or Laptop,Mac OS 10.15.6,Chrome 86.0.4240.80,1440x900,1440x789,Pass,Information-Sheet,2,Yes,Pass,Pass,,,One Talker,A,,No,BEGIN QUESTIONNAIRE,
2,1603216256777,20/10/2020 17:50:56,1603216256756,-4,20/10/2020 13:50:56,24435,9,questionnaire-t1fh,,7341816,117937,2142874,,complete,,,computer,Desktop or Laptop,Mac OS 10.15.6,Chrome 86.0.4240.80,1440x900,1440x789,Pass,Information-Sheet,2,Yes,Pass,Pass,,,One Talker,A,,No,consent,Yes
3,1603216256886,20/10/2020 17:50:56,1603216256758,-4,20/10/2020 13:50:56,24435,9,questionnaire-t1fh,,7341816,117937,2142874,,complete,,,computer,Desktop or Laptop,Mac OS 10.15.6,Chrome 86.0.4240.80,1440x900,1440x789,Pass,Information-Sheet,2,Yes,Pass,Pass,,,One Talker,A,,No,consent-quantised,1
4,1603216256886,20/10/2020 17:50:56,1603216256759,-4,20/10/2020 13:50:56,24435,9,questionnaire-t1fh,,7341816,117937,2142874,,complete,,,computer,Desktop or Laptop,Mac OS 10.15.6,Chrome 86.0.4240.80,1440x900,1440x789,Pass,Information-Sheet,2,Yes,Pass,Pass,,,One Talker,A,,No,END QUESTIONNAIRE,44644
1,1603217724561,20/10/2020 18:15:24,1603217724421,-4,20/10/2020 14:15:24,24435,9,questionnaire-t1fh,,7342131,117067,2142962,,complete,,,computer,Desktop or Laptop,Mac OS 10.10.5,Chrome 85.0.4183.102,1280x800,1280x720,Pass,Information-Sheet,2,Yes,Pass,Pass,,,One Talker,B,,No,BEGIN QUESTIONNAIRE,
2,1603217804474,20/10/2020 18:16:44,1603217804368,-4,20/10/2020 14:16:44,24435,9,questionnaire-t1fh,,7342131,117067,2142962,,complete,,,computer,Desktop or Laptop,Mac OS 10.10.5,Chrome 85.0.4183.102,1280x800,1280x720,Pass,Information-Sheet,2,Yes,Pass,Pass,,,One Talker,B,,No,consent,Yes
3,1603217804614,20/10/2020 18:16:44,1603217804369,-4,20/10/2020 14:16:44,24435,9,questionnaire-t1fh,,7342131,117067,2142962,,complete,,,computer,Desktop or Laptop,Mac OS 10.10.5,Chrome 85.0.4183.102,1280x800,1280x720,Pass,Information-Sheet,2,Yes,Pass,Pass,,,One Talker,B,,No,consent-quantised,1
4,1603217804614,20/10/2020 18:16:44,1603217804369,-4,20/10/2020 14:16:44,24435,9,questionnaire-t1fh,,7342131,117067,2142962,,complete,,,computer,Desktop or Laptop,Mac OS 10.10.5,Chrome 85.0.4183.102,1280x800,1280x720,Pass,Information-Sheet,2,Yes,Pass,Pass,,,One Talker,B,,No,END QUESTIONNAIRE,79948
1,1603224251978,20/10/2020 20:04:11,1603224258015,-4,20/10/2020 16:04:18,24435,9,questionnaire-t1fh,,7343824,118495,2143461,,complete,,,computer,Desktop or Laptop,Windows 10,Chrome 86.0.4240.75,1536x864,1536x722,Pass,Information-Sheet,2,Yes,Pass,Pass,,,Two Talker,,B,No,BEGIN QUESTIONNAIRE,
2,1603224328532,20/10/2020 20:05:28,1603224334606,-4,20/10/2020 16:05:34,24435,9,questionnaire-t1fh,,7343824,118495,2143461,,complete,,,computer,Desktop or Laptop,Windows 10,Chrome 86.0.4240.75,1536x864,1519x722,Pass,Information-Sheet,2,Yes,Pass,Pass,,,Two Talker,,B,No,consent,Yes
3,1603224328642,20/10/2020 20:05:28,1603224334608,-4,20/10/2020 16:05:34,24435,9,questionnaire-t1fh,,7343824,118495,2143461,,complete,,,computer,Desktop or Laptop,Windows 10,Chrome 86.0.4240.75,1536x864,1519x722,Pass,Information-Sheet,2,Yes,Pass,Pass,,,Two Talker,,B,No,consent-quantised,1
4,1603224328642,20/10/2020 20:05:28,1603224334608,-4,20/10/2020 16:05:34,24435,9,questionnaire-t1fh,,7343824,118495,2143461,,complete,,,computer,Desktop or Laptop,Windows 10,Chrome 86.0.4240.75,1536x864,1519x722,Pass,Information-Sheet,2,Yes,Pass,Pass,,,Two Talker,,B,No,END QUESTIONNAIRE,76593
1,1603248912951,21/10/2020 02:55:12,1603248913974,-4,20/10/2020 22:55:13,24435,9,questionnaire-t1fh,,7347900,115471,2144602,,complete,,,computer,Desktop or Laptop,Windows 10,Chrome 86.0.4240.75,1536x864,1536x754,Fail,Information-Sheet,2,Yes,Fail,,Fail,Fail,One Talker,C,,No,BEGIN QUESTIONNAIRE,
2,1603249193352,21/10/2020 02:59:53,1603249194400,-4,20/10/2020 22:59:54,24435,9,questionnaire-t1fh,,7347900,115471,2144602,,complete,,,computer,Desktop or Laptop,Windows 10,Chrome 86.0.4240.75,1536x864,1519x754,Fail,Information-Sheet,2,Yes,Fail,,Fail,Fail,One Talker,C,,No,consent,Yes
3,1603249193492,21/10/2020 02:59:53,1603249194404,-4,20/10/2020 22:59:54,24435,9,questionnaire-t1fh,,7347900,115471,2144602,,complete,,,computer,Desktop or Laptop,Windows 10,Chrome 86.0.4240.75,1536x864,1519x754,Fail,Information-Sheet,2,Yes,Fail,,Fail,Fail,One Talker,C,,No,consent-quantised,1
4,1603249193492,21/10/2020 02:59:53,1603249194405,-4,20/10/2020 22:59:54,24435,9,questionnaire-t1fh,,7347900,115471,2144602,,complete,,,computer,Desktop or Laptop,Windows 10,Chrome 86.0.4240.75,1536x864,1519x754,Fail,Information-Sheet,2,Yes,Fail,,Fail,Fail,One Talker,C,,No,END QUESTIONNAIRE,280431
END OF FILE
